Year,State,County,HAI,Facility_ID,Facility_Name,Hospital_Category_RiskAdjustment,Facility_Type,Infections_Reported,Infections_Predicted,Patient_Days
2020H1,California,,Methicillin-Resistant Staphylococcus aureus Bloodstream Infections (MRSA BSI),,STATE OF CALIFORNIA POOLED DATA - Acute Care Hospitals,STATE OF CALIFORNIA POOLED DATA - Acute Care Hospitals,STATE OF CALIFORNIA POOLED DATA - Acute Care Hospitals,297,367.65,6436139
2020H1,California,,Methicillin-Resistant Staphylococcus aureus Bloodstream Infections (MRSA BSI),,STATE OF CALIFORNIA POOLED DATA - Long-term Acute Care Hospitals,STATE OF CALIFORNIA POOLED DATA - Long-term Acute Care Hospitals,STATE OF CALIFORNIA POOLED DATA - Long-term Acute Care Hospitals,38,35.10,212392
2020H1,California,,Methicillin-Resistant Staphylococcus aureus Bloodstream Infections (MRSA BSI),,STATE OF CALIFORNIA POOLED DATA - Critical Access Hospitals,STATE OF CALIFORNIA POOLED DATA - Critical Access Hospitals,STATE OF CALIFORNIA POOLED DATA - Critical Access Hospitals,0,0.84,40467
2020H1,California,,Methicillin-Resistant Staphylococcus aureus Bloodstream Infections (MRSA BSI),,STATE OF CALIFORNIA POOLED DATA - Rehabilitation Hospitals or Units,STATE OF CALIFORNIA POOLED DATA - Rehabilitation Hospitals or Units,STATE OF CALIFORNIA POOLED DATA - Rehabilitation Hospitals or Units,1,4.95,260491
2020H1,California,Alameda,Methicillin-Resistant Staphylococcus aureus Bloodstream Infections (MRSA BSI),140000011,Alameda Hospital,Acute Care Hospital,"Community, <125 Beds", ,0.32,5674
2020H1,California,Alameda,Methicillin-Resistant Staphylococcus aureus Bloodstream Infections (MRSA BSI),140000425,Alta Bates Summit Medical Center,Acute Care Hospital,"Community, >250 Beds",0,1.15,23329
2020H1,California,Alameda,Methicillin-Resistant Staphylococcus aureus Bloodstream Infections (MRSA BSI),140000012,"Alta Bates Summit Medical Center, Alta Bates Campus",Acute Care Hospital,"Community, >250 Beds",0,1.54,31706
2020H1,California,Alameda,Methicillin-Resistant Staphylococcus aureus Bloodstream Infections (MRSA BSI),140000425,"Alta Bates Summit Medical Center, Rehabilitation Unit",Rehabilitation Hospital or Unit,Rehabilitation Unit,0,0.14,7170
2020H1,California,Alameda,Methicillin-Resistant Staphylococcus aureus Bloodstream Infections (MRSA BSI),140000183,Eden Medical Center,Acute Care Hospital,"Community, 125-250 Beds",0,0.88,18546
2020H1,California,Alameda,Methicillin-Resistant Staphylococcus aureus Bloodstream Infections (MRSA BSI),140000034,Highland Hospital,Acute Care Hospital,Major Teaching,3,2.83,51035
2020H1,California,Alameda,Methicillin-Resistant Staphylococcus aureus Bloodstream Infections (MRSA BSI),140001086,"Kaiser Foundation Hospital, Fremont",Acute Care Hospital,"Community, <125 Beds",0,0.38,10765
2020H1,California,Alameda,Methicillin-Resistant Staphylococcus aureus Bloodstream Infections (MRSA BSI),140000188,"Kaiser Foundation Hospital, Oakland/Richmond",Acute Care Hospital,Major Teaching,1,1.76,39140
2020H1,California,Alameda,Methicillin-Resistant Staphylococcus aureus Bloodstream Infections (MRSA BSI),630015029,"Kaiser Foundation Hospital, San Leandro",Acute Care Hospital,"Community, 125-250 Beds",1,1.00,27902
2020H1,California,Alameda,Methicillin-Resistant Staphylococcus aureus Bloodstream Infections (MRSA BSI),140000148,"Kindred Hospital, San Francisco Bay Area",Long-Term Acute Care Hospital,Long-Term Acute Care,0,2.16,12054
2020H1,California,Alameda,Methicillin-Resistant Staphylococcus aureus Bloodstream Infections (MRSA BSI),630013913,San Leandro Hospital,Acute Care Hospital,"Community, <125 Beds",0,0.19,5385
2020H1,California,Alameda,Methicillin-Resistant Staphylococcus aureus Bloodstream Infections (MRSA BSI),140000041,St Rose Hospital,Acute Care Hospital,"Community, 125-250 Beds",1,0.37,8789
2020H1,California,Alameda,Methicillin-Resistant Staphylococcus aureus Bloodstream Infections (MRSA BSI),140000797,Stanford Health Care - ValleyCare,Acute Care Hospital,"Community, 125-250 Beds",0,0.69,15337
2020H1,California,Alameda,Methicillin-Resistant Staphylococcus aureus Bloodstream Infections (MRSA BSI),140000014,UCSF Benioff Children's Hospital Oakland,Acute Care Hospital,Pediatric,0,0.73,21169
2020H1,California,Alameda,Methicillin-Resistant Staphylococcus aureus Bloodstream Infections (MRSA BSI),140000118,Washington Hospital,Acute Care Hospital,"Community, >250 Beds",2,1.27,25666
2020H1,California,Amador,Methicillin-Resistant Staphylococcus aureus Bloodstream Infections (MRSA BSI),030000108,Sutter Amador Hospital,Acute Care Hospital,"Community, <125 Beds",0,0.10,4835
2020H1,California,Butte,Methicillin-Resistant Staphylococcus aureus Bloodstream Infections (MRSA BSI),230000013,"Enloe Medical Center, Esplanade",Acute Care Hospital,"Community, >250 Beds",0,1.47,37803
2020H1,California,Butte,Methicillin-Resistant Staphylococcus aureus Bloodstream Infections (MRSA BSI),230000405,Enloe Rehabilitation Center,Rehabilitation Hospital or Unit,Free-Standing Rehabilitation,0,0.06,2962
2020H1,California,Butte,Methicillin-Resistant Staphylococcus aureus Bloodstream Infections (MRSA BSI),230000001,Orchard Hospital,Critical Access Hospital,Critical Access,0,0.01,545
2020H1,California,Butte,Methicillin-Resistant Staphylococcus aureus Bloodstream Infections (MRSA BSI),230000014,Oroville Hospital,Acute Care Hospital,"Community, 125-250 Beds",0,0.85,22326
2020H1,California,Calaveras,Methicillin-Resistant Staphylococcus aureus Bloodstream Infections (MRSA BSI),030000120,Mark Twain Medical Center,Critical Access Hospital,Critical Access,0,0.04,1984
2020H1,California,Colusa,Methicillin-Resistant Staphylococcus aureus Bloodstream Infections (MRSA BSI),230000259,Colusa Medical Center,Acute Care Hospital,"Community, <125 Beds",0,0.07,3011
2020H1,California,Contra Costa,Methicillin-Resistant Staphylococcus aureus Bloodstream Infections (MRSA BSI),140000195,Contra Costa Regional Medical Center,Acute Care Hospital,Major Teaching,0,1.00,14697
2020H1,California,Contra Costa,Methicillin-Resistant Staphylococcus aureus Bloodstream Infections (MRSA BSI),140000196,"John Muir Medical Center, Concord Campus",Acute Care Hospital,Major Teaching,5,1.74,24261
2020H1,California,Contra Costa,Methicillin-Resistant Staphylococcus aureus Bloodstream Infections (MRSA BSI),140000187,"John Muir Medical Center, Walnut Creek Campus",Acute Care Hospital,Major Teaching,4,3.21,42457
2020H1,California,Contra Costa,Methicillin-Resistant Staphylococcus aureus Bloodstream Infections (MRSA BSI),140000187,"John Muir Medical Center, Walnut Creek Campus, Rehabilitation Unit",Rehabilitation Hospital or Unit,Rehabilitation Unit,0,0.06,3348
2020H1,California,Contra Costa,Methicillin-Resistant Staphylococcus aureus Bloodstream Infections (MRSA BSI),630011203,"Kaiser Foundation Hospital, Antioch",Acute Care Hospital,Major Teaching,0,0.58,16148
2020H1,California,Contra Costa,Methicillin-Resistant Staphylococcus aureus Bloodstream Infections (MRSA BSI),140000191,"Kaiser Foundation Hospital, Richmond Campus",Acute Care Hospital,Major Teaching,0,0.33,6463
2020H1,California,Contra Costa,Methicillin-Resistant Staphylococcus aureus Bloodstream Infections (MRSA BSI),140000190,"Kaiser Foundation Hospital, Walnut Creek",Acute Care Hospital,"Community, 125-250 Beds",1,2.00,30459
2020H1,California,Contra Costa,Methicillin-Resistant Staphylococcus aureus Bloodstream Infections (MRSA BSI),140000704,San Ramon Regional Medical Center,Acute Care Hospital,"Community, <125 Beds",0,0.24,7406
2020H1,California,Contra Costa,Methicillin-Resistant Staphylococcus aureus Bloodstream Infections (MRSA BSI),140000016,Sutter Delta Medical Center,Acute Care Hospital,"Community, 125-250 Beds",0,0.53,13899
2020H1,California,Del Norte,Methicillin-Resistant Staphylococcus aureus Bloodstream Infections (MRSA BSI),110000049,Sutter Coast Hospital,Acute Care Hospital,"Community, <125 Beds",0,0.16,2963
2020H1,California,Del Norte,Methicillin-Resistant Staphylococcus aureus Bloodstream Infections (MRSA BSI),110000049,"Sutter Coast Hospital, Rehabilitation Unit",Rehabilitation Hospital or Unit,Rehabilitation Unit,0,0.02,1244
2020H1,California,El Dorado,Methicillin-Resistant Staphylococcus aureus Bloodstream Infections (MRSA BSI),030000114,Barton Memorial Hospital,Acute Care Hospital,"Community, <125 Beds",0,0.08,2683
2020H1,California,El Dorado,Methicillin-Resistant Staphylococcus aureus Bloodstream Infections (MRSA BSI),030000121,Marshall Medical Center,Acute Care Hospital,"Community, <125 Beds",0,0.34,9453
2020H1,California,Fresno,Methicillin-Resistant Staphylococcus aureus Bloodstream Infections (MRSA BSI),040000095,Clovis Community Medical Center,Acute Care Hospital,Major Teaching,0,0.59,16126
2020H1,California,Fresno,Methicillin-Resistant Staphylococcus aureus Bloodstream Infections (MRSA BSI),040000101,Community Regional Medical Center,Acute Care Hospital,Major Teaching,4,6.68,75856
2020H1,California,Fresno,Methicillin-Resistant Staphylococcus aureus Bloodstream Infections (MRSA BSI),040000101,"Community Regional Medical Center, Rehabilitation Unit",Rehabilitation Hospital or Unit,Rehabilitation Unit,0,0.06,3019
2020H1,California,Fresno,Methicillin-Resistant Staphylococcus aureus Bloodstream Infections (MRSA BSI),040001397,Fresno Heart and Surgical Hospital,Acute Care Hospital,Major Teaching,0,0.18,3905
2020H1,California,Fresno,Methicillin-Resistant Staphylococcus aureus Bloodstream Infections (MRSA BSI),040000254,Fresno Surgical Hospital,Acute Care Hospital,"Community, <125 Beds",0,0.02,2128
2020H1,California,Fresno,Methicillin-Resistant Staphylococcus aureus Bloodstream Infections (MRSA BSI),040000949,"Kaiser Foundation Hospital, Fresno",Acute Care Hospital,"Community, 125-250 Beds",1,0.80,19784
2020H1,California,Fresno,Methicillin-Resistant Staphylococcus aureus Bloodstream Infections (MRSA BSI),040000126,Saint Agnes Medical Center,Acute Care Hospital,Major Teaching,1,3.33,46787
2020H1,California,Fresno,Methicillin-Resistant Staphylococcus aureus Bloodstream Infections (MRSA BSI),040000613,San Joaquin Valley Rehabilitation Hospital,Rehabilitation Hospital or Unit,Free-Standing Rehabilitation,0,0.17,9133
2020H1,California,Glenn,Methicillin-Resistant Staphylococcus aureus Bloodstream Infections (MRSA BSI),230000006,Glenn Medical Center,Critical Access Hospital,Critical Access,0,0.07,3562
2020H1,California,Humboldt,Methicillin-Resistant Staphylococcus aureus Bloodstream Infections (MRSA BSI),110000057,Jerold Phelps Community Hospital,Critical Access Hospital,Critical Access,0,0.01,477
2020H1,California,Humboldt,Methicillin-Resistant Staphylococcus aureus Bloodstream Infections (MRSA BSI),110000021,Mad River Community Hospital,Acute Care Hospital,"Community, <125 Beds",0,0.07,3834
2020H1,California,Humboldt,Methicillin-Resistant Staphylococcus aureus Bloodstream Infections (MRSA BSI),110000045,Providence Redwood Memorial Hospital,Critical Access Hospital,Critical Access,0,0.04,2146
2020H1,California,Humboldt,Methicillin-Resistant Staphylococcus aureus Bloodstream Infections (MRSA BSI),110000067,"Providence St. Joseph Hospital, Eureka",Acute Care Hospital,Major Teaching,2,1.58,16161
2020H1,California,Humboldt,Methicillin-Resistant Staphylococcus aureus Bloodstream Infections (MRSA BSI),110000069,The General Hospital,Rehabilitation Hospital or Unit,Free-Standing Rehabilitation,0,0.03,1446
2020H1,California,Imperial,Methicillin-Resistant Staphylococcus aureus Bloodstream Infections (MRSA BSI),090000040,El Centro Regional Medical Center,Acute Care Hospital,"Community, <125 Beds",0,0.54,13228
2020H1,California,Inyo,Methicillin-Resistant Staphylococcus aureus Bloodstream Infections (MRSA BSI),240000037,Northern Inyo Hospital,Critical Access Hospital,Critical Access,0,0.03,1565
2020H1,California,Kern,Methicillin-Resistant Staphylococcus aureus Bloodstream Infections (MRSA BSI),120001330,Bakersfield Heart Hospital,Acute Care Hospital,"Community, <125 Beds",0,0.06,1221
2020H1,California,Kern,Methicillin-Resistant Staphylococcus aureus Bloodstream Infections (MRSA BSI),120000338,Bakersfield Memorial Hospital,Acute Care Hospital,"Community, >250 Beds",4,2.54,35269
2020H1,California,Kern,Methicillin-Resistant Staphylococcus aureus Bloodstream Infections (MRSA BSI),120000555,Encompass Health Rehabilitation Hospital of Bakersfield,Rehabilitation Hospital or Unit,Free-Standing Rehabilitation,0,0.21,10831
2020H1,California,Kern,Methicillin-Resistant Staphylococcus aureus Bloodstream Infections (MRSA BSI),120000319,"Good Samaritan Hospital, Bakersfield",Acute Care Hospital,"Community, <125 Beds",0,0.05,2704
2020H1,California,Kern,Methicillin-Resistant Staphylococcus aureus Bloodstream Infections (MRSA BSI),120000342,Kern Medical Center,Acute Care Hospital,Major Teaching,3,1.84,22603
2020H1,California,Kern,Methicillin-Resistant Staphylococcus aureus Bloodstream Infections (MRSA BSI),120000344,Kern Valley Healthcare District,Critical Access Hospital,Critical Access,0,0.03,1275
2020H1,California,Kern,Methicillin-Resistant Staphylococcus aureus Bloodstream Infections (MRSA BSI),120000404,Mercy Hospital,Acute Care Hospital,"Community, <125 Beds",1,0.58,10415
2020H1,California,Kern,Methicillin-Resistant Staphylococcus aureus Bloodstream Infections (MRSA BSI),120000701,Mercy Southwest Hospital,Acute Care Hospital,"Community, <125 Beds",0,0.48,13249
2020H1,California,Kern,Methicillin-Resistant Staphylococcus aureus Bloodstream Infections (MRSA BSI),120000409,Ridgecrest Regional Hospital,Critical Access Hospital,Critical Access,0,0.07,3385
2020H1,California,Lake,Methicillin-Resistant Staphylococcus aureus Bloodstream Infections (MRSA BSI),110000044,Adventist Health Clearlake,Critical Access Hospital,Critical Access,0,0.05,2403
2020H1,California,Lake,Methicillin-Resistant Staphylococcus aureus Bloodstream Infections (MRSA BSI),110000019,Sutter Lakeside Hospital,Critical Access Hospital,Critical Access,0,0.07,3184
2020H1,California,Lassen,Methicillin-Resistant Staphylococcus aureus Bloodstream Infections (MRSA BSI),230000008,Banner Lassen Medical Center,Critical Access Hospital,Critical Access,0,0.04,1852
2020H1,California,Los Angeles,Methicillin-Resistant Staphylococcus aureus Bloodstream Infections (MRSA BSI),930000005,Alhambra Hospital Medical Center,Acute Care Hospital,"Community, 125-250 Beds",0,0.43,9037
2020H1,California,Los Angeles,Methicillin-Resistant Staphylococcus aureus Bloodstream Infections (MRSA BSI),930000005,"Alhambra Hospital Medical Center, Rehabilitation Unit",Rehabilitation Hospital or Unit,Rehabilitation Unit,0,0.02,1303
2020H1,California,Los Angeles,Methicillin-Resistant Staphylococcus aureus Bloodstream Infections (MRSA BSI),930000008,Antelope Valley Hospital,Acute Care Hospital,Major Teaching,1,2.22,43134
2020H1,California,Los Angeles,Methicillin-Resistant Staphylococcus aureus Bloodstream Infections (MRSA BSI),930000014,Barlow Respiratory Hospital,Long-Term Acute Care Hospital,Long-Term Acute Care,3,2.35,14380
2020H1,California,Los Angeles,Methicillin-Resistant Staphylococcus aureus Bloodstream Infections (MRSA BSI),930000012,Beverly Hospital,Acute Care Hospital,"Community, 125-250 Beds",0,0.96,18027
2020H1,California,Los Angeles,Methicillin-Resistant Staphylococcus aureus Bloodstream Infections (MRSA BSI),930000002,"California Hospital Medical Center, Los Angeles",Acute Care Hospital,Major Teaching,3,3.03,36840
2020H1,California,Los Angeles,Methicillin-Resistant Staphylococcus aureus Bloodstream Infections (MRSA BSI),930000031,California Rehabilitation Institute,Rehabilitation Hospital or Unit,Free-Standing Rehabilitation,0,0.44,22981
2020H1,California,Los Angeles,Methicillin-Resistant Staphylococcus aureus Bloodstream Infections (MRSA BSI),930000020,Casa Colina Hospital,Rehabilitation Hospital or Unit,Free-Standing Rehabilitation,0,0.26,13438
2020H1,California,Los Angeles,Methicillin-Resistant Staphylococcus aureus Bloodstream Infections (MRSA BSI),930000020,Casa Colina Hospital,Acute Care Hospital,"Community, <125 Beds",0,0.05,2407
2020H1,California,Los Angeles,Methicillin-Resistant Staphylococcus aureus Bloodstream Infections (MRSA BSI),930000013,Catalina Island Medical Center,Critical Access Hospital,Critical Access,0,0.00,90
2020H1,California,Los Angeles,Methicillin-Resistant Staphylococcus aureus Bloodstream Infections (MRSA BSI),930000044,Cedars-Sinai Marina Del Rey Hospital,Acute Care Hospital,"Community, 125-250 Beds",1,0.34,9612
2020H1,California,Los Angeles,Methicillin-Resistant Staphylococcus aureus Bloodstream Infections (MRSA BSI),930000022,Centinela Hospital Medical Center,Acute Care Hospital,"Community, >250 Beds",4,1.43,32672
2020H1,California,Los Angeles,Methicillin-Resistant Staphylococcus aureus Bloodstream Infections (MRSA BSI),930000022,"Centinela Hospital Medical Center, Rehabilitation Unit",Rehabilitation Hospital or Unit,Rehabilitation Unit,0,0.04,2222
2020H1,California,Los Angeles,Methicillin-Resistant Staphylococcus aureus Bloodstream Infections (MRSA BSI),930000034,Children's Hospital Los Angeles,Acute Care Hospital,Pediatric,1,2.01,54780
2020H1,California,Los Angeles,Methicillin-Resistant Staphylococcus aureus Bloodstream Infections (MRSA BSI),930000036,City of Hope Helford Clinical Research Hospital,Acute Care Hospital,"Community, 125-250 Beds",2,3.97,35705
2020H1,California,Los Angeles,Methicillin-Resistant Staphylococcus aureus Bloodstream Infections (MRSA BSI),930000038,Coast Plaza Hospital,Acute Care Hospital,"Community, <125 Beds",0,0.30,5479
2020H1,California,Los Angeles,Methicillin-Resistant Staphylococcus aureus Bloodstream Infections (MRSA BSI),930000114,College Medical Center,Acute Care Hospital,"Community, 125-250 Beds",1,0.91,14888
2020H1,California,Los Angeles,Methicillin-Resistant Staphylococcus aureus Bloodstream Infections (MRSA BSI),930000040,Community Hospital of Huntington Park,Acute Care Hospital,"Community, <125 Beds",0,0.17,7448
2020H1,California,Los Angeles,Methicillin-Resistant Staphylococcus aureus Bloodstream Infections (MRSA BSI),930000158,DOCS Surgical Hospital,Acute Care Hospital,"Community, <125 Beds",0,0.01,336
2020H1,California,Los Angeles,Methicillin-Resistant Staphylococcus aureus Bloodstream Infections (MRSA BSI),930000053,East Los Angeles Doctors Hospital,Acute Care Hospital,"Community, 125-250 Beds",2,0.45,10443
2020H1,California,Los Angeles,Methicillin-Resistant Staphylococcus aureus Bloodstream Infections (MRSA BSI),930000056,Emanate Health Foothill Presbyterian Hospital,Acute Care Hospital,"Community, <125 Beds",0,0.35,11188
2020H1,California,Los Angeles,Methicillin-Resistant Staphylococcus aureus Bloodstream Infections (MRSA BSI),930000070,Emanate Health Inter-Community Hospital,Acute Care Hospital,"Community, 125-250 Beds",1,0.90,17610
2020H1,California,Los Angeles,Methicillin-Resistant Staphylococcus aureus Bloodstream Infections (MRSA BSI),930000132,Emanate Health Queen of the Valley Hospital,Acute Care Hospital,"Community, >250 Beds",2,1.12,28751
2020H1,California,Los Angeles,Methicillin-Resistant Staphylococcus aureus Bloodstream Infections (MRSA BSI),930000132,"Emanate Health Queen of the Valley Hospital, Rehabilitation Unit",Rehabilitation Hospital or Unit,Rehabilitation Unit,0,0.03,1324
2020H1,California,Los Angeles,Methicillin-Resistant Staphylococcus aureus Bloodstream Infections (MRSA BSI),930000054,Encino Hospital Medical Center,Acute Care Hospital,"Community, 125-250 Beds",0,0.15,2762
2020H1,California,Los Angeles,Methicillin-Resistant Staphylococcus aureus Bloodstream Infections (MRSA BSI),930000054,"Encino Hospital Medical Center, Rehabilitation Unit",Rehabilitation Hospital or Unit,Rehabilitation Unit,0,0.03,1394
2020H1,California,Los Angeles,Methicillin-Resistant Staphylococcus aureus Bloodstream Infections (MRSA BSI),930000058,Garfield Medical Center,Acute Care Hospital,"Community, 125-250 Beds",1,1.25,19769
2020H1,California,Los Angeles,Methicillin-Resistant Staphylococcus aureus Bloodstream Infections (MRSA BSI),930000058,"Garfield Medical Center, Rehabilitation Unit",Rehabilitation Hospital or Unit,Rehabilitation Unit,0,0.05,2751
2020H1,California,Los Angeles,Methicillin-Resistant Staphylococcus aureus Bloodstream Infections (MRSA BSI),930000093,Glendale Memorial Hospital and Health Center,Acute Care Hospital,"Community, >250 Beds",0,0.78,15429
2020H1,California,Los Angeles,Methicillin-Resistant Staphylococcus aureus Bloodstream Infections (MRSA BSI),930000093,"Glendale Memorial Hospital and Health Center, Rehabilitation Unit",Rehabilitation Hospital or Unit,Rehabilitation Unit,0,0.03,1639
2020H1,California,Los Angeles,Methicillin-Resistant Staphylococcus aureus Bloodstream Infections (MRSA BSI),930000068,"Good Samaritan Hospital, Los Angeles",Acute Care Hospital,"Community, >250 Beds",2,2.14,39221
2020H1,California,Los Angeles,Methicillin-Resistant Staphylococcus aureus Bloodstream Infections (MRSA BSI),930000068,"Good Samaritan Hospital, Los Angeles, Rehabilitation Unit",Rehabilitation Hospital or Unit,Rehabilitation Unit,0,0.05,2779
2020H1,California,Los Angeles,Methicillin-Resistant Staphylococcus aureus Bloodstream Infections (MRSA BSI),930000062,Greater El Monte Community Hospital,Acute Care Hospital,"Community, <125 Beds",1,0.43,9296
2020H1,California,Los Angeles,Methicillin-Resistant Staphylococcus aureus Bloodstream Infections (MRSA BSI),930000063,Henry Mayo Newhall Hospital,Acute Care Hospital,"Community, >250 Beds",1,1.42,22639
2020H1,California,Los Angeles,Methicillin-Resistant Staphylococcus aureus Bloodstream Infections (MRSA BSI),930000063,"Henry Mayo Newhall Hospital, Rehabilitation Unit",Rehabilitation Hospital or Unit,Rehabilitation Unit,0,0.03,1475
2020H1,California,Los Angeles,Methicillin-Resistant Staphylococcus aureus Bloodstream Infections (MRSA BSI),930000065,Hollywood Presbyterian Medical Center,Acute Care Hospital,"Community, >250 Beds",1,1.65,35730
2020H1,California,Los Angeles,Methicillin-Resistant Staphylococcus aureus Bloodstream Infections (MRSA BSI),930000065,"Hollywood Presbyterian Medical Center, Rehabilitation Unit",Rehabilitation Hospital or Unit,Rehabilitation Unit,1,0.04,2357
2020H1,California,Los Angeles,Methicillin-Resistant Staphylococcus aureus Bloodstream Infections (MRSA BSI),930000026,Huntington Hospital,Acute Care Hospital,"Community, >250 Beds",0,3.31,50432
2020H1,California,Los Angeles,Methicillin-Resistant Staphylococcus aureus Bloodstream Infections (MRSA BSI),930000026,"Huntington Hospital, Rehabilitation Unit",Rehabilitation Hospital or Unit,Rehabilitation Unit,0,0.05,2612
2020H1,California,Los Angeles,Methicillin-Resistant Staphylococcus aureus Bloodstream Infections (MRSA BSI),930001543,"Kaiser Foundation Hospital, Baldwin Park",Acute Care Hospital,Major Teaching,2,0.83,22849
2020H1,California,Los Angeles,Methicillin-Resistant Staphylococcus aureus Bloodstream Infections (MRSA BSI),930000074,"Kaiser Foundation Hospital, Downey",Acute Care Hospital,Major Teaching,1,2.18,39090
2020H1,California,Los Angeles,Methicillin-Resistant Staphylococcus aureus Bloodstream Infections (MRSA BSI),930000072,"Kaiser Foundation Hospital, Los Angeles",Acute Care Hospital,Major Teaching,6,2.99,53345
2020H1,California,Los Angeles,Methicillin-Resistant Staphylococcus aureus Bloodstream Infections (MRSA BSI),930000050,"Kaiser Foundation Hospital, Panorama City",Acute Care Hospital,Major Teaching,0,1.18,19241
2020H1,California,Los Angeles,Methicillin-Resistant Staphylococcus aureus Bloodstream Infections (MRSA BSI),930000071,"Kaiser Foundation Hospital, South Bay",Acute Care Hospital,Major Teaching,3,1.29,25100
2020H1,California,Los Angeles,Methicillin-Resistant Staphylococcus aureus Bloodstream Infections (MRSA BSI),930000076,"Kaiser Foundation Hospital, West LA",Acute Care Hospital,"Community, >250 Beds",0,0.75,21409
2020H1,California,Los Angeles,Methicillin-Resistant Staphylococcus aureus Bloodstream Infections (MRSA BSI),930000290,"Kaiser Foundation Hospital, Woodland Hills",Acute Care Hospital,Major Teaching,1,0.83,18045
2020H1,California,Los Angeles,Methicillin-Resistant Staphylococcus aureus Bloodstream Infections (MRSA BSI),930000912,Keck Hospital of USC,Acute Care Hospital,Major Teaching,0,1.25,16245
2020H1,California,Los Angeles,Methicillin-Resistant Staphylococcus aureus Bloodstream Infections (MRSA BSI),930000912,"Keck Hospital of USC, Rehabilitation Unit",Rehabilitation Hospital or Unit,Rehabilitation Unit,0,0.01,345
2020H1,California,Los Angeles,Methicillin-Resistant Staphylococcus aureus Bloodstream Infections (MRSA BSI),930000033,Kindred Hospital Paramount,Long-Term Acute Care Hospital,Long-Term Acute Care,3,2.00,14998
2020H1,California,Los Angeles,Methicillin-Resistant Staphylococcus aureus Bloodstream Infections (MRSA BSI),930000144,"Kindred Hospital, Baldwin Park",Long-Term Acute Care Hospital,Long-Term Acute Care,3,1.79,13237
2020H1,California,Los Angeles,Methicillin-Resistant Staphylococcus aureus Bloodstream Infections (MRSA BSI),930000089,"Kindred Hospital, La Mirada",Long-Term Acute Care Hospital,Long-Term Acute Care,1,1.09,8746
2020H1,California,Los Angeles,Methicillin-Resistant Staphylococcus aureus Bloodstream Infections (MRSA BSI),930000088,"Kindred Hospital, Los Angeles",Long-Term Acute Care Hospital,Long-Term Acute Care,8,2.15,13981
2020H1,California,Los Angeles,Methicillin-Resistant Staphylococcus aureus Bloodstream Infections (MRSA BSI),930000042,"Kindred Hospital, San Gabriel Valley",Long-Term Acute Care Hospital,Long-Term Acute Care,0,1.50,10168
2020H1,California,Los Angeles,Methicillin-Resistant Staphylococcus aureus Bloodstream Infections (MRSA BSI),930000039,"Kindred Hospital, South Bay",Long-Term Acute Care Hospital,Long-Term Acute Care,5,1.34,8802
2020H1,California,Los Angeles,Methicillin-Resistant Staphylococcus aureus Bloodstream Infections (MRSA BSI),930000035,L.A. Downtown Medical Center,Acute Care Hospital,"Community, <125 Beds",0,0.34,8608
2020H1,California,Los Angeles,Methicillin-Resistant Staphylococcus aureus Bloodstream Infections (MRSA BSI),060000040,LAC+USC Medical Center,Acute Care Hospital,Major Teaching,10,6.14,74985
2020H1,California,Los Angeles,Methicillin-Resistant Staphylococcus aureus Bloodstream Infections (MRSA BSI),060000027,LAC/Harbor UCLA Medical Center,Acute Care Hospital,Major Teaching,2,2.84,37571
2020H1,California,Los Angeles,Methicillin-Resistant Staphylococcus aureus Bloodstream Infections (MRSA BSI),060000038,LAC/Olive View UCLA Medical Center,Acute Care Hospital,Major Teaching,2,0.90,22172
2020H1,California,Los Angeles,Methicillin-Resistant Staphylococcus aureus Bloodstream Infections (MRSA BSI),060000028,LAC/Rancho Los Amigos National Rehabilitation Center,Acute Care Hospital,"Community, 125-250 Beds",0,0.39,9270
2020H1,California,Los Angeles,Methicillin-Resistant Staphylococcus aureus Bloodstream Infections (MRSA BSI),060000028,"LAC/Rancho Los Amigos National Rehabilitation Center, Rehabilitation Unit",Rehabilitation Hospital or Unit,Rehabilitation Unit,0,0.27,14001
2020H1,California,Los Angeles,Methicillin-Resistant Staphylococcus aureus Bloodstream Infections (MRSA BSI),930000047,Lakewood Regional Medical Center,Acute Care Hospital,"Community, 125-250 Beds",1,1.65,21825
2020H1,California,Los Angeles,Methicillin-Resistant Staphylococcus aureus Bloodstream Infections (MRSA BSI),930000085,Los Angeles Community Hospital,Acute Care Hospital,"Community, <125 Beds",0,0.26,6436
2020H1,California,Los Angeles,Methicillin-Resistant Staphylococcus aureus Bloodstream Infections (MRSA BSI),060000035,Martin Luther King Jr. Community Hospital,Acute Care Hospital,"Community, 125-250 Beds",0,0.51,20658
2020H1,California,Los Angeles,Methicillin-Resistant Staphylococcus aureus Bloodstream Infections (MRSA BSI),930000092,Memorial Hospital of Gardena,Acute Care Hospital,"Community, <125 Beds",0,0.43,12963
2020H1,California,Los Angeles,Methicillin-Resistant Staphylococcus aureus Bloodstream Infections (MRSA BSI),930000095,MemorialCare Long Beach Medical Center,Acute Care Hospital,Major Teaching,5,4.73,43441
2020H1,California,Los Angeles,Methicillin-Resistant Staphylococcus aureus Bloodstream Infections (MRSA BSI),930000095,"MemorialCare Long Beach Medical Center, Rehabilitation Unit",Rehabilitation Hospital or Unit,Rehabilitation Unit,0,0.07,3451
2020H1,California,Los Angeles,Methicillin-Resistant Staphylococcus aureus Bloodstream Infections (MRSA BSI),930001709,MemorialCare Miller Children's & Women's Hospital Long Beach,Acute Care Hospital,Pediatric,0,0.69,26382
2020H1,California,Los Angeles,Methicillin-Resistant Staphylococcus aureus Bloodstream Infections (MRSA BSI),930000096,Methodist Hospital of Southern California,Acute Care Hospital,"Community, >250 Beds",4,2.15,32806
2020H1,California,Los Angeles,Methicillin-Resistant Staphylococcus aureus Bloodstream Infections (MRSA BSI),930000096,"Methodist Hospital of Southern California, Rehabilitation Unit",Rehabilitation Hospital or Unit,Rehabilitation Unit,0,0.08,4068
2020H1,California,Los Angeles,Methicillin-Resistant Staphylococcus aureus Bloodstream Infections (MRSA BSI),930000027,Mission Community Hospital,Acute Care Hospital,"Community, 125-250 Beds",1,1.04,19221
2020H1,California,Los Angeles,Methicillin-Resistant Staphylococcus aureus Bloodstream Infections (MRSA BSI),930000107,Monrovia Memorial Hospital,Long-Term Acute Care Hospital,Long-Term Acute Care,0,0.50,4031
2020H1,California,Los Angeles,Methicillin-Resistant Staphylococcus aureus Bloodstream Infections (MRSA BSI),930000108,Monterey Park Hospital,Acute Care Hospital,"Community, <125 Beds",0,0.20,8780
2020H1,California,Los Angeles,Methicillin-Resistant Staphylococcus aureus Bloodstream Infections (MRSA BSI),930000111,Northridge Hospital Medical Center,Acute Care Hospital,Major Teaching,1,1.79,25852
2020H1,California,Los Angeles,Methicillin-Resistant Staphylococcus aureus Bloodstream Infections (MRSA BSI),930000111,"Northridge Hospital Medical Center, Rehabilitation Unit",Rehabilitation Hospital or Unit,Rehabilitation Unit,0,0.06,2901
2020H1,California,Los Angeles,Methicillin-Resistant Staphylococcus aureus Bloodstream Infections (MRSA BSI),930000112,Norwalk Community Hospital,Acute Care Hospital,"Community, <125 Beds",0,0.12,3596
2020H1,California,Los Angeles,Methicillin-Resistant Staphylococcus aureus Bloodstream Infections (MRSA BSI),930000105,Olympia Medical Center,Acute Care Hospital,"Community, 125-250 Beds",2,0.64,12563
2020H1,California,Los Angeles,Methicillin-Resistant Staphylococcus aureus Bloodstream Infections (MRSA BSI),930000052,"PIH Health Hospital, Downey",Acute Care Hospital,Major Teaching,0,0.94,17082
2020H1,California,Los Angeles,Methicillin-Resistant Staphylococcus aureus Bloodstream Infections (MRSA BSI),930000099,"PIH Health Hospital, Whittier",Acute Care Hospital,"Community, >250 Beds",0,1.41,38002
2020H1,California,Los Angeles,Methicillin-Resistant Staphylococcus aureus Bloodstream Infections (MRSA BSI),930000099,"PIH Health Hospital, Whittier, Rehabilitation Unit",Rehabilitation Hospital or Unit,Rehabilitation Unit,0,0.03,1395
2020H1,California,Los Angeles,Methicillin-Resistant Staphylococcus aureus Bloodstream Infections (MRSA BSI),930000133,Pacifica Hospital of the Valley,Acute Care Hospital,"Community, 125-250 Beds",0,0.22,4654
2020H1,California,Los Angeles,Methicillin-Resistant Staphylococcus aureus Bloodstream Infections (MRSA BSI),930000077,Palmdale Regional Medical Center,Acute Care Hospital,Major Teaching,0,0.63,15852
2020H1,California,Los Angeles,Methicillin-Resistant Staphylococcus aureus Bloodstream Infections (MRSA BSI),930000077,"Palmdale Regional Medical Center, Rehabilitation Unit",Rehabilitation Hospital or Unit,Rehabilitation Unit,0,0.06,3024
2020H1,California,Los Angeles,Methicillin-Resistant Staphylococcus aureus Bloodstream Infections (MRSA BSI),930000123,Pomona Valley Hospital Medical Center,Acute Care Hospital,Major Teaching,2,3.28,44987
2020H1,California,Los Angeles,Methicillin-Resistant Staphylococcus aureus Bloodstream Infections (MRSA BSI),930000091,Providence Cedars-Sinai Tarzana Medical Center,Acute Care Hospital,"Community, 125-250 Beds",1,1.10,24568
2020H1,California,Los Angeles,Methicillin-Resistant Staphylococcus aureus Bloodstream Infections (MRSA BSI),930000066,Providence Holy Cross Medical Center,Acute Care Hospital,"Community, >250 Beds",6,1.59,36388
2020H1,California,Los Angeles,Methicillin-Resistant Staphylococcus aureus Bloodstream Infections (MRSA BSI),930000066,"Providence Holy Cross Medical Center, Rehabilitation Unit",Rehabilitation Hospital or Unit,Rehabilitation Unit,0,0.04,1923
2020H1,California,Los Angeles,Methicillin-Resistant Staphylococcus aureus Bloodstream Infections (MRSA BSI),930000157,Providence Little Company of Mary Medical Center San Pedro,Acute Care Hospital,"Community, >250 Beds",0,0.29,8852
2020H1,California,Los Angeles,Methicillin-Resistant Staphylococcus aureus Bloodstream Infections (MRSA BSI),930000157,"Providence Little Company of Mary Medical Center San Pedro, Rehabilitation Unit",Rehabilitation Hospital or Unit,Rehabilitation Unit,0,0.04,2184
2020H1,California,Los Angeles,Methicillin-Resistant Staphylococcus aureus Bloodstream Infections (MRSA BSI),930000081,Providence Little Company of Mary Medical Center Torrance,Acute Care Hospital,"Community, >250 Beds",0,1.77,36592
2020H1,California,Los Angeles,Methicillin-Resistant Staphylococcus aureus Bloodstream Infections (MRSA BSI),930000100,Providence Saint John's Health Center,Acute Care Hospital,"Community, >250 Beds",1,0.75,26816
2020H1,California,Los Angeles,Methicillin-Resistant Staphylococcus aureus Bloodstream Infections (MRSA BSI),930000101,Providence Saint Joseph Medical Center,Acute Care Hospital,"Community, >250 Beds",0,1.35,37554
2020H1,California,Los Angeles,Methicillin-Resistant Staphylococcus aureus Bloodstream Infections (MRSA BSI),930000101,"Providence Saint Joseph Medical Center, Rehabilitation Unit",Rehabilitation Hospital or Unit,Rehabilitation Unit,0,0.02,1171
2020H1,California,Los Angeles,Methicillin-Resistant Staphylococcus aureus Bloodstream Infections (MRSA BSI),930000162,Ronald Reagan UCLA Medical Center,Acute Care Hospital,Major Teaching,2,6.46,69301
2020H1,California,Los Angeles,Methicillin-Resistant Staphylococcus aureus Bloodstream Infections (MRSA BSI),930000125,San Dimas Community Hospital,Acute Care Hospital,"Community, <125 Beds",0,0.21,7317
2020H1,California,Los Angeles,Methicillin-Resistant Staphylococcus aureus Bloodstream Infections (MRSA BSI),930000041,San Gabriel Valley Medical Center,Acute Care Hospital,"Community, 125-250 Beds",0,1.15,18088
2020H1,California,Los Angeles,Methicillin-Resistant Staphylococcus aureus Bloodstream Infections (MRSA BSI),930000049,Santa Monica - UCLA Medical Center and Orthopaedic Hospital,Acute Care Hospital,Major Teaching,3,1.80,34972
2020H1,California,Los Angeles,Methicillin-Resistant Staphylococcus aureus Bloodstream Infections (MRSA BSI),930000064,Southern California Hospital at Hollywood,Acute Care Hospital,"Community, <125 Beds",0,0.07,1907
2020H1,California,Los Angeles,Methicillin-Resistant Staphylococcus aureus Bloodstream Infections (MRSA BSI),930000128,St. Francis Medical Center,Acute Care Hospital,"Community, >250 Beds",5,3.16,49251
2020H1,California,Los Angeles,Methicillin-Resistant Staphylococcus aureus Bloodstream Infections (MRSA BSI),930000103,"St. Mary Medical Center, Long Beach",Acute Care Hospital,"Community, >250 Beds",1,2.40,30493
2020H1,California,Los Angeles,Methicillin-Resistant Staphylococcus aureus Bloodstream Infections (MRSA BSI),930000103,"St. Mary Medical Center, Long Beach, Rehabilitation Unit",Rehabilitation Hospital or Unit,Rehabilitation Unit,0,0.04,2120
2020H1,California,Los Angeles,Methicillin-Resistant Staphylococcus aureus Bloodstream Infections (MRSA BSI),930000127,Torrance Memorial Medical Center,Acute Care Hospital,"Community, >250 Beds",2,2.02,45918
2020H1,California,Los Angeles,Methicillin-Resistant Staphylococcus aureus Bloodstream Infections (MRSA BSI),930000163,USC Kenneth Norris Jr. Cancer Hospital,Acute Care Hospital,Major Teaching,0,0.63,6140
2020H1,California,Los Angeles,Methicillin-Resistant Staphylococcus aureus Bloodstream Infections (MRSA BSI),930000187,USC Verdugo Hills Hospital,Acute Care Hospital,Major Teaching,1,0.47,10205
2020H1,California,Los Angeles,Methicillin-Resistant Staphylococcus aureus Bloodstream Infections (MRSA BSI),930000129,Valley Presbyterian Hospital,Acute Care Hospital,"Community, >250 Beds",5,1.62,30485
2020H1,California,Los Angeles,Methicillin-Resistant Staphylococcus aureus Bloodstream Infections (MRSA BSI),930000129,"Valley Presbyterian Hospital, Rehabilitation Unit",Rehabilitation Hospital or Unit,Rehabilitation Unit,0,0.03,1625
2020H1,California,Los Angeles,Methicillin-Resistant Staphylococcus aureus Bloodstream Infections (MRSA BSI),930000188,West Covina Medical Center,Acute Care Hospital,"Community, <125 Beds",0,0.01,586
2020H1,California,Los Angeles,Methicillin-Resistant Staphylococcus aureus Bloodstream Infections (MRSA BSI),930000028,West Hills Hospital & Medical Center,Acute Care Hospital,"Community, >250 Beds",0,1.05,22071
2020H1,California,Madera,Methicillin-Resistant Staphylococcus aureus Bloodstream Infections (MRSA BSI),040000111,Madera Community Hospital,Acute Care Hospital,"Community, <125 Beds",0,0.27,7225
2020H1,California,Madera,Methicillin-Resistant Staphylococcus aureus Bloodstream Infections (MRSA BSI),040000129,Valley Children's Hospital,Acute Care Hospital,Pediatric,0,1.20,32029
2020H1,California,Marin,Methicillin-Resistant Staphylococcus aureus Bloodstream Infections (MRSA BSI),110000944,"Kaiser Foundation Hospital, San Rafael",Acute Care Hospital,"Community, <125 Beds",0,0.35,9175
2020H1,California,Marin,Methicillin-Resistant Staphylococcus aureus Bloodstream Infections (MRSA BSI),110000946,Kentfield Hospital,Long-Term Acute Care Hospital,Long-Term Acute Care,0,3.77,8410
2020H1,California,Marin,Methicillin-Resistant Staphylococcus aureus Bloodstream Infections (MRSA BSI),110000953,MarinHealth Medical Center,Acute Care Hospital,"Community, 125-250 Beds",2,0.66,15774
2020H1,California,Marin,Methicillin-Resistant Staphylococcus aureus Bloodstream Infections (MRSA BSI),110000982,Novato Community Hospital,Acute Care Hospital,"Community, <125 Beds",1,0.09,3035
2020H1,California,Mariposa,Methicillin-Resistant Staphylococcus aureus Bloodstream Infections (MRSA BSI),040000105,John C. Fremont Healthcare District,Critical Access Hospital,Critical Access,0,0.04,1942
2020H1,California,Mendocino,Methicillin-Resistant Staphylococcus aureus Bloodstream Infections (MRSA BSI),110000023,Adventist Health Mendocino Coast,Critical Access Hospital,Critical Access,0,0.04,2109
2020H1,California,Merced,Methicillin-Resistant Staphylococcus aureus Bloodstream Infections (MRSA BSI),040000110,Memorial Hospital Los Banos,Acute Care Hospital,"Community, <125 Beds",0,0.06,2857
2020H1,California,Merced,Methicillin-Resistant Staphylococcus aureus Bloodstream Infections (MRSA BSI),040000113,Mercy Medical Center,Acute Care Hospital,"Community, 125-250 Beds",1,0.64,20562
2020H1,California,Modoc,Methicillin-Resistant Staphylococcus aureus Bloodstream Infections (MRSA BSI),230000011,Modoc Medical Center,Critical Access Hospital,Critical Access,0,0.01,575
2020H1,California,Mono,Methicillin-Resistant Staphylococcus aureus Bloodstream Infections (MRSA BSI),240000005,Mammoth Hospital,Critical Access Hospital,Critical Access,0,0.02,868
2020H1,California,Monterey,Methicillin-Resistant Staphylococcus aureus Bloodstream Infections (MRSA BSI),070000137,Community Hospital of The Monterey Peninsula,Acute Care Hospital,"Community, >250 Beds",0,1.08,26381
2020H1,California,Monterey,Methicillin-Resistant Staphylococcus aureus Bloodstream Infections (MRSA BSI),070000137,"Community Hospital of The Monterey Peninsula, Rehabilitation Unit",Rehabilitation Hospital or Unit,Rehabilitation Unit,0,0.03,1653
2020H1,California,Monterey,Methicillin-Resistant Staphylococcus aureus Bloodstream Infections (MRSA BSI),070000141,George L. Mee Memorial Hospital,Acute Care Hospital,"Community, <125 Beds",0,0.02,943
2020H1,California,Monterey,Methicillin-Resistant Staphylococcus aureus Bloodstream Infections (MRSA BSI),070000145,Natividad Medical Center,Acute Care Hospital,Major Teaching,0,0.58,15346
2020H1,California,Monterey,Methicillin-Resistant Staphylococcus aureus Bloodstream Infections (MRSA BSI),070000145,"Natividad Medical Center, Rehabilitation Unit",Rehabilitation Hospital or Unit,Rehabilitation Unit,0,0.08,4188
2020H1,California,Monterey,Methicillin-Resistant Staphylococcus aureus Bloodstream Infections (MRSA BSI),070000147,Salinas Valley Memorial Hospital,Acute Care Hospital,"Community, >250 Beds",0,0.82,20728
2020H1,California,Napa,Methicillin-Resistant Staphylococcus aureus Bloodstream Infections (MRSA BSI),110000041,Providence Queen of the Valley Medical Center,Acute Care Hospital,"Community, 125-250 Beds",0,0.45,13306
2020H1,California,Napa,Methicillin-Resistant Staphylococcus aureus Bloodstream Infections (MRSA BSI),110000041,"Providence Queen of the Valley Medical Center, Rehabilitation Unit",Rehabilitation Hospital or Unit,Rehabilitation Unit,0,0.03,1489
2020H1,California,Nevada,Methicillin-Resistant Staphylococcus aureus Bloodstream Infections (MRSA BSI),230000262,Sierra Nevada Memorial Hospital,Acute Care Hospital,"Community, <125 Beds",0,0.29,8031
2020H1,California,Nevada,Methicillin-Resistant Staphylococcus aureus Bloodstream Infections (MRSA BSI),230000265,Tahoe Forest Hospital,Critical Access Hospital,Critical Access,0,0.07,3331
2020H1,California,Orange,Methicillin-Resistant Staphylococcus aureus Bloodstream Infections (MRSA BSI),060000002,AHMC Anaheim Regional Medical Center,Acute Care Hospital,"Community, 125-250 Beds",0,0.90,17274
2020H1,California,Orange,Methicillin-Resistant Staphylococcus aureus Bloodstream Infections (MRSA BSI),060000074,Anaheim Global Medical Center,Acute Care Hospital,"Community, 125-250 Beds",0,0.27,7155
2020H1,California,Orange,Methicillin-Resistant Staphylococcus aureus Bloodstream Infections (MRSA BSI),060000006,Chapman Global Medical Center,Acute Care Hospital,"Community, <125 Beds",1,0.15,3245
2020H1,California,Orange,Methicillin-Resistant Staphylococcus aureus Bloodstream Infections (MRSA BSI),060000007,Children's Hospital of Orange County,Acute Care Hospital,Pediatric,0,1.28,33291
2020H1,California,Orange,Methicillin-Resistant Staphylococcus aureus Bloodstream Infections (MRSA BSI),060000008,College Hospital Costa Mesa,Acute Care Hospital,"Community, 125-250 Beds",0,0.49,21087
2020H1,California,Orange,Methicillin-Resistant Staphylococcus aureus Bloodstream Infections (MRSA BSI),060001097,Encompass Health Rehabilitation Hospital of Tustin,Rehabilitation Hospital or Unit,Free-Standing Rehabilitation,0,0.11,6005
2020H1,California,Orange,Methicillin-Resistant Staphylococcus aureus Bloodstream Infections (MRSA BSI),060000013,Foothill Regional Medical Center,Acute Care Hospital,"Community, <125 Beds",0,0.20,5671
2020H1,California,Orange,Methicillin-Resistant Staphylococcus aureus Bloodstream Infections (MRSA BSI),060000011,Fountain Valley Regional Hospital and Medical Center,Acute Care Hospital,"Community, >250 Beds",2,2.39,38844
2020H1,California,Orange,Methicillin-Resistant Staphylococcus aureus Bloodstream Infections (MRSA BSI),060000058,Garden Grove Hospital and Medical Center,Acute Care Hospital,"Community, 125-250 Beds",0,0.41,9428
2020H1,California,Orange,Methicillin-Resistant Staphylococcus aureus Bloodstream Infections (MRSA BSI),060001674,"Healthbridge Children's Hospital, Orange",Acute Care Hospital,Pediatric,0,0.01,583
2020H1,California,Orange,Methicillin-Resistant Staphylococcus aureus Bloodstream Infections (MRSA BSI),060001022,Hoag Hospital Irvine,Acute Care Hospital,"Community, <125 Beds",0,0.38,8681
2020H1,California,Orange,Methicillin-Resistant Staphylococcus aureus Bloodstream Infections (MRSA BSI),060000014,Hoag Memorial Hospital Presbyterian,Acute Care Hospital,"Community, >250 Beds",1,2.70,54351
2020H1,California,Orange,Methicillin-Resistant Staphylococcus aureus Bloodstream Infections (MRSA BSI),060000014,"Hoag Memorial Hospital Presbyterian, Rehabilitation Unit",Rehabilitation Hospital or Unit,Rehabilitation Unit,0,0.06,3019
2020H1,California,Orange,Methicillin-Resistant Staphylococcus aureus Bloodstream Infections (MRSA BSI),630012891,Hoag Orthopedic Institute,Acute Care Hospital,"Community, <125 Beds",0,0.04,2501
2020H1,California,Orange,Methicillin-Resistant Staphylococcus aureus Bloodstream Infections (MRSA BSI),060000015,Huntington Beach Hospital,Acute Care Hospital,"Community, <125 Beds",2,0.15,5030
2020H1,California,Orange,Methicillin-Resistant Staphylococcus aureus Bloodstream Infections (MRSA BSI),630013929,"Kaiser Foundation Hospital, Orange County, Anaheim",Acute Care Hospital,Major Teaching,2,1.35,29296
2020H1,California,Orange,Methicillin-Resistant Staphylococcus aureus Bloodstream Infections (MRSA BSI),630011745,"Kaiser Foundation Hospital, Orange County, Irvine",Acute Care Hospital,Major Teaching,2,0.84,20757
2020H1,California,Orange,Methicillin-Resistant Staphylococcus aureus Bloodstream Infections (MRSA BSI),060001360,"Kindred Hospital, Brea",Long-Term Acute Care Hospital,Long-Term Acute Care,2,1.03,7055
2020H1,California,Orange,Methicillin-Resistant Staphylococcus aureus Bloodstream Infections (MRSA BSI),930001607,"Kindred Hospital, Santa Ana",Long-Term Acute Care Hospital,Long-Term Acute Care,1,0.93,6660
2020H1,California,Orange,Methicillin-Resistant Staphylococcus aureus Bloodstream Infections (MRSA BSI),060000017,"Kindred Hospital, Westminster",Long-Term Acute Care Hospital,Long-Term Acute Care,5,2.17,15236
2020H1,California,Orange,Methicillin-Resistant Staphylococcus aureus Bloodstream Infections (MRSA BSI),060000024,La Palma Intercommunity Hospital,Acute Care Hospital,"Community, 125-250 Beds",0,0.13,4533
2020H1,California,Orange,Methicillin-Resistant Staphylococcus aureus Bloodstream Infections (MRSA BSI),060000025,Los Alamitos Medical Center,Acute Care Hospital,"Community, 125-250 Beds",1,1.31,20878
2020H1,California,Orange,Methicillin-Resistant Staphylococcus aureus Bloodstream Infections (MRSA BSI),060000208,MemorialCare Orange Coast Medical Center,Acute Care Hospital,"Community, 125-250 Beds",2,0.62,21958
2020H1,California,Orange,Methicillin-Resistant Staphylococcus aureus Bloodstream Infections (MRSA BSI),060000063,MemorialCare Saddleback Medical Center,Acute Care Hospital,"Community, 125-250 Beds",0,0.79,19916
2020H1,California,Orange,Methicillin-Resistant Staphylococcus aureus Bloodstream Infections (MRSA BSI),060000073,Orange County Global Medical Center,Acute Care Hospital,"Community, >250 Beds",1,1.75,18579
2020H1,California,Orange,Methicillin-Resistant Staphylococcus aureus Bloodstream Infections (MRSA BSI),060000062,Placentia Linda Hospital,Acute Care Hospital,"Community, <125 Beds",0,0.49,7640
2020H1,California,Orange,Methicillin-Resistant Staphylococcus aureus Bloodstream Infections (MRSA BSI),060000060,Providence Mission Hospital,Acute Care Hospital,"Community, >250 Beds",0,1.70,31153
2020H1,California,Orange,Methicillin-Resistant Staphylococcus aureus Bloodstream Infections (MRSA BSI),060001207,Children's Hospital at Mission,Acute Care Hospital,Pediatric,0,0.10,4250
2020H1,California,Orange,Methicillin-Resistant Staphylococcus aureus Bloodstream Infections (MRSA BSI),060000066,Providence Mission Hospital - Laguna Beach,Acute Care Hospital,"Community, <125 Beds",0,0.11,5176
2020H1,California,Orange,Methicillin-Resistant Staphylococcus aureus Bloodstream Infections (MRSA BSI),060000060,"Providence Mission Hospital, Rehabilitation Unit",Rehabilitation Hospital or Unit,Rehabilitation Unit,0,0.05,2515
2020H1,California,Orange,Methicillin-Resistant Staphylococcus aureus Bloodstream Infections (MRSA BSI),060000067,"Providence St. Joseph Hospital, Orange",Acute Care Hospital,"Community, >250 Beds",2,1.45,36479
2020H1,California,Orange,Methicillin-Resistant Staphylococcus aureus Bloodstream Infections (MRSA BSI),060000068,Providence St. Jude Medical Center,Acute Care Hospital,"Community, >250 Beds",0,2.97,34953
2020H1,California,Orange,Methicillin-Resistant Staphylococcus aureus Bloodstream Infections (MRSA BSI),060000068,"Providence St. Jude Medical Center, Rehabilitation Unit",Rehabilitation Hospital or Unit,Rehabilitation Unit,0,0.05,2840
2020H1,California,Orange,Methicillin-Resistant Staphylococcus aureus Bloodstream Infections (MRSA BSI),060000021,South Coast Global Medical Center,Acute Care Hospital,"Community, 125-250 Beds",0,0.25,6325
2020H1,California,Orange,Methicillin-Resistant Staphylococcus aureus Bloodstream Infections (MRSA BSI),060000071,University of California Irvine Medical Center,Acute Care Hospital,Major Teaching,4,5.79,53200
2020H1,California,Orange,Methicillin-Resistant Staphylococcus aureus Bloodstream Infections (MRSA BSI),060000071,"University of California Irvine Medical Center, Rehabilitation Unit",Rehabilitation Hospital or Unit,Rehabilitation Unit,0,0.03,1568
2020H1,California,Orange,Methicillin-Resistant Staphylococcus aureus Bloodstream Infections (MRSA BSI),060000016,West Anaheim Medical Center,Acute Care Hospital,"Community, <125 Beds",7,0.92,12158
2020H1,California,Placer,Methicillin-Resistant Staphylococcus aureus Bloodstream Infections (MRSA BSI),030001370,"Kaiser Foundation Hospital, Roseville",Acute Care Hospital,Major Teaching,1,2.74,53487
2020H1,California,Placer,Methicillin-Resistant Staphylococcus aureus Bloodstream Infections (MRSA BSI),030000109,Sutter Auburn Faith Hospital,Acute Care Hospital,"Community, <125 Beds",0,0.24,6054
2020H1,California,Placer,Methicillin-Resistant Staphylococcus aureus Bloodstream Infections (MRSA BSI),030000134,Sutter Roseville Medical Center,Acute Care Hospital,"Community, >250 Beds",0,1.80,41850
2020H1,California,Placer,Methicillin-Resistant Staphylococcus aureus Bloodstream Infections (MRSA BSI),030000134,"Sutter Roseville Medical Center, Rehabilitation Unit",Rehabilitation Hospital or Unit,Rehabilitation Unit,0,0.12,6529
2020H1,California,Plumas,Methicillin-Resistant Staphylococcus aureus Bloodstream Infections (MRSA BSI),230000004,"Eastern Plumas Hospital, Portola Campus",Critical Access Hospital,Critical Access,0,0.01,468
2020H1,California,Plumas,Methicillin-Resistant Staphylococcus aureus Bloodstream Infections (MRSA BSI),230000015,Plumas District Hospital,Critical Access Hospital,Critical Access,0,0.02,763
2020H1,California,Plumas,Methicillin-Resistant Staphylococcus aureus Bloodstream Infections (MRSA BSI),230000017,Seneca District Hospital,Critical Access Hospital,Critical Access,0,0.00,215
2020H1,California,Riverside,Methicillin-Resistant Staphylococcus aureus Bloodstream Infections (MRSA BSI),250000006,Corona Regional Medical Center,Acute Care Hospital,"Community, 125-250 Beds",1,0.77,15948
2020H1,California,Riverside,Methicillin-Resistant Staphylococcus aureus Bloodstream Infections (MRSA BSI),250000008,Desert Regional Medical Center,Acute Care Hospital,Major Teaching,2,4.48,41162
2020H1,California,Riverside,Methicillin-Resistant Staphylococcus aureus Bloodstream Infections (MRSA BSI),250000008,"Desert Regional Medical Center, Rehabilitation Unit",Rehabilitation Hospital or Unit,Rehabilitation Unit,0,0.01,721
2020H1,California,Riverside,Methicillin-Resistant Staphylococcus aureus Bloodstream Infections (MRSA BSI),250000044,Doctors Hospital of Riverside,Acute Care Hospital,"Community, 125-250 Beds",0,0.69,17186
2020H1,California,Riverside,Methicillin-Resistant Staphylococcus aureus Bloodstream Infections (MRSA BSI),250000011,Eisenhower Medical Center,Acute Care Hospital,Major Teaching,2,1.90,33219
2020H1,California,Riverside,Methicillin-Resistant Staphylococcus aureus Bloodstream Infections (MRSA BSI),630019237,Encompass Health Rehabilitation Hospital of Murrieta,Rehabilitation Hospital or Unit,Free-Standing Rehabilitation,0,0.02,1102
2020H1,California,Riverside,Methicillin-Resistant Staphylococcus aureus Bloodstream Infections (MRSA BSI),250000012,Hemet Global Medical Center,Acute Care Hospital,Major Teaching,2,0.13,3217
2020H1,California,Riverside,Methicillin-Resistant Staphylococcus aureus Bloodstream Infections (MRSA BSI),250000017,John F. Kennedy Memorial Hospital,Acute Care Hospital,"Community, 125-250 Beds",0,0.55,12094
2020H1,California,Riverside,Methicillin-Resistant Staphylococcus aureus Bloodstream Infections (MRSA BSI),630011959,"Kaiser Foundation Hospital, Moreno Valley",Acute Care Hospital,Major Teaching,0,0.41,8858
2020H1,California,Riverside,Methicillin-Resistant Staphylococcus aureus Bloodstream Infections (MRSA BSI),250000707,"Kaiser Foundation Hospital, Riverside",Acute Care Hospital,Major Teaching,0,1.10,24533
2020H1,California,Riverside,Methicillin-Resistant Staphylococcus aureus Bloodstream Infections (MRSA BSI),250000004,"Kindred Hospital, Riverside",Long-Term Acute Care Hospital,Long-Term Acute Care,1,1.19,6740
2020H1,California,Riverside,Methicillin-Resistant Staphylococcus aureus Bloodstream Infections (MRSA BSI),630012971,"Loma Linda University Medical Center, Murrieta",Acute Care Hospital,"Community, 125-250 Beds",0,0.97,17690
2020H1,California,Riverside,Methicillin-Resistant Staphylococcus aureus Bloodstream Infections (MRSA BSI),250000042,Palo Verde Hospital,Acute Care Hospital,"Community, <125 Beds",0,0.02,1022
2020H1,California,Riverside,Methicillin-Resistant Staphylococcus aureus Bloodstream Infections (MRSA BSI),250000049,Riverside Community Hospital,Acute Care Hospital,Major Teaching,5,3.17,57332
2020H1,California,Riverside,Methicillin-Resistant Staphylococcus aureus Bloodstream Infections (MRSA BSI),250000050,Riverside University Health System - Medical Center,Acute Care Hospital,Major Teaching,4,2.32,40657
2020H1,California,Riverside,Methicillin-Resistant Staphylococcus aureus Bloodstream Infections (MRSA BSI),250000101,San Gorgonio Memorial Hospital,Acute Care Hospital,"Community, <125 Beds",1,0.18,5556
2020H1,California,Riverside,Methicillin-Resistant Staphylococcus aureus Bloodstream Infections (MRSA BSI),250000507,"Southwest Healthcare System, Murrieta",Acute Care Hospital,"Community, <125 Beds",1,0.58,12641
2020H1,California,Riverside,Methicillin-Resistant Staphylococcus aureus Bloodstream Infections (MRSA BSI),250000344,"Southwest Healthcare System, Wildomar",Acute Care Hospital,"Community, <125 Beds",0,0.63,15948
2020H1,California,Riverside,Methicillin-Resistant Staphylococcus aureus Bloodstream Infections (MRSA BSI),630014442,Temecula Valley Hospital,Acute Care Hospital,"Community, 125-250 Beds",1,0.80,18046
2020H1,California,Riverside,Methicillin-Resistant Staphylococcus aureus Bloodstream Infections (MRSA BSI),630017654,Vibra Rehabilitation Hospital of Rancho Mirage,Rehabilitation Hospital or Unit,Free-Standing Rehabilitation,0,0.09,4534
2020H1,California,Sacramento,Methicillin-Resistant Staphylococcus aureus Bloodstream Infections (MRSA BSI),030000130,"Kaiser Foundation Hospital, Sacramento",Acute Care Hospital,"Community, >250 Beds",2,1.22,25323
2020H1,California,Sacramento,Methicillin-Resistant Staphylococcus aureus Bloodstream Infections (MRSA BSI),030000133,"Kaiser Foundation Hospital, South Sacramento",Acute Care Hospital,Major Teaching,0,1.51,33193
2020H1,California,Sacramento,Methicillin-Resistant Staphylococcus aureus Bloodstream Infections (MRSA BSI),030000124,Mercy General Hospital,Acute Care Hospital,Major Teaching,0,1.64,24476
2020H1,California,Sacramento,Methicillin-Resistant Staphylococcus aureus Bloodstream Infections (MRSA BSI),030000124,"Mercy General Hospital, Rehabilitation Unit",Rehabilitation Hospital or Unit,Rehabilitation Unit,0,0.05,2495
2020H1,California,Sacramento,Methicillin-Resistant Staphylococcus aureus Bloodstream Infections (MRSA BSI),030000901,Mercy Hospital of Folsom,Acute Care Hospital,"Community, <125 Beds",0,0.40,11265
2020H1,California,Sacramento,Methicillin-Resistant Staphylococcus aureus Bloodstream Infections (MRSA BSI),030000127,Mercy San Juan Medical Center,Acute Care Hospital,Major Teaching,2,2.52,40096
2020H1,California,Sacramento,Methicillin-Resistant Staphylococcus aureus Bloodstream Infections (MRSA BSI),030000037,Methodist Hospital of Sacramento,Acute Care Hospital,"Community, 125-250 Beds",0,0.70,15596
2020H1,California,Sacramento,Methicillin-Resistant Staphylococcus aureus Bloodstream Infections (MRSA BSI),030001506,Shriners Hospitals for Children Northern California,Acute Care Hospital,Pediatric,0,0.09,3289
2020H1,California,Sacramento,Methicillin-Resistant Staphylococcus aureus Bloodstream Infections (MRSA BSI),030000151,"Sutter Medical Center, Sacramento",Acute Care Hospital,Major Teaching,5,5.10,68676
2020H1,California,Sacramento,Methicillin-Resistant Staphylococcus aureus Bloodstream Infections (MRSA BSI),030000113,University of California Davis Medical Center,Acute Care Hospital,Major Teaching,7,7.31,96801
2020H1,California,Sacramento,Methicillin-Resistant Staphylococcus aureus Bloodstream Infections (MRSA BSI),030000113,"University of California Davis Medical Center, Rehabilitation Unit",Rehabilitation Hospital or Unit,Rehabilitation Unit,0,0.04,2337
2020H1,California,Sacramento,Methicillin-Resistant Staphylococcus aureus Bloodstream Infections (MRSA BSI),030000907,Vibra Hospital of Sacramento,Long-Term Acute Care Hospital,Long-Term Acute Care,1,1.73,8930
2020H1,California,San Benito,Methicillin-Resistant Staphylococcus aureus Bloodstream Infections (MRSA BSI),070000142,Hazel Hawkins Memorial Hospital,Acute Care Hospital,"Community, <125 Beds",1,0.04,2211
2020H1,California,San Bernardino,Methicillin-Resistant Staphylococcus aureus Bloodstream Infections (MRSA BSI),240000100,Arrowhead Regional Medical Center,Acute Care Hospital,"Community, >250 Beds",2,2.79,45705
2020H1,California,San Bernardino,Methicillin-Resistant Staphylococcus aureus Bloodstream Infections (MRSA BSI),240001218,Ballard Rehabilitation Hospital,Rehabilitation Hospital or Unit,Free-Standing Rehabilitation,0,0.13,7033
2020H1,California,San Bernardino,Methicillin-Resistant Staphylococcus aureus Bloodstream Infections (MRSA BSI),240000001,Barstow Community Hospital,Acute Care Hospital,"Community, <125 Beds",0,0.10,3155
2020H1,California,San Bernardino,Methicillin-Resistant Staphylococcus aureus Bloodstream Infections (MRSA BSI),240000002,Bear Valley Community Hospital,Critical Access Hospital,Critical Access,0,0.01,268
2020H1,California,San Bernardino,Methicillin-Resistant Staphylococcus aureus Bloodstream Infections (MRSA BSI),240000003,Chino Valley Medical Center,Acute Care Hospital,"Community, <125 Beds",0,0.14,4706
2020H1,California,San Bernardino,Methicillin-Resistant Staphylococcus aureus Bloodstream Infections (MRSA BSI),240000034,Colorado River Medical Center,Critical Access Hospital,Critical Access,0,0.01,578
2020H1,California,San Bernardino,Methicillin-Resistant Staphylococcus aureus Bloodstream Infections (MRSA BSI),240000082,Community Hospital of San Bernardino,Acute Care Hospital,"Community, >250 Beds",0,0.41,12005
2020H1,California,San Bernardino,Methicillin-Resistant Staphylococcus aureus Bloodstream Infections (MRSA BSI),240001330,Desert Valley Hospital,Acute Care Hospital,"Community, 125-250 Beds",0,0.76,19526
2020H1,California,San Bernardino,Methicillin-Resistant Staphylococcus aureus Bloodstream Infections (MRSA BSI),240000014,Hi-Desert Medical Center,Acute Care Hospital,"Community, <125 Beds",0,0.05,2579
2020H1,California,San Bernardino,Methicillin-Resistant Staphylococcus aureus Bloodstream Infections (MRSA BSI),240000024,"Kaiser Foundation Hospital, Fontana",Acute Care Hospital,Major Teaching,1,2.55,44679
2020H1,California,San Bernardino,Methicillin-Resistant Staphylococcus aureus Bloodstream Infections (MRSA BSI),630013398,"Kaiser Foundation Hospital, Ontario",Acute Care Hospital,Major Teaching,1,1.29,22899
2020H1,California,San Bernardino,Methicillin-Resistant Staphylococcus aureus Bloodstream Infections (MRSA BSI),240000040,"Kindred Hospital, Ontario",Long-Term Acute Care Hospital,Long-Term Acute Care,0,1.62,13668
2020H1,California,San Bernardino,Methicillin-Resistant Staphylococcus aureus Bloodstream Infections (MRSA BSI),240001515,"Kindred Hospital, Rancho",Long-Term Acute Care Hospital,Long-Term Acute Care,0,1.62,8927
2020H1,California,San Bernardino,Methicillin-Resistant Staphylococcus aureus Bloodstream Infections (MRSA BSI),630015551,Loma Linda University Children's Hospital,Acute Care Hospital,Major Teaching,0,2.75,43077
2020H1,California,San Bernardino,Methicillin-Resistant Staphylococcus aureus Bloodstream Infections (MRSA BSI),240000027,Loma Linda University Medical Center,Acute Care Hospital,Major Teaching,2,5.36,49212
2020H1,California,San Bernardino,Methicillin-Resistant Staphylococcus aureus Bloodstream Infections (MRSA BSI),240000025,Loma Linda University Medical Center East Campus Hospital,Acute Care Hospital,Major Teaching,1,0.54,7729
2020H1,California,San Bernardino,Methicillin-Resistant Staphylococcus aureus Bloodstream Infections (MRSA BSI),240000025,"Loma Linda University Medical Center East Campus Hospital, Rehabilitation Unit",Rehabilitation Hospital or Unit,Rehabilitation Unit,0,0.13,6892
2020H1,California,San Bernardino,Methicillin-Resistant Staphylococcus aureus Bloodstream Infections (MRSA BSI),630012294,Loma Linda University Surgical Hospital,Acute Care Hospital,Major Teaching,0,0.04,1862
2020H1,California,San Bernardino,Methicillin-Resistant Staphylococcus aureus Bloodstream Infections (MRSA BSI),240000052,Mountains Community Hospital,Critical Access Hospital,Critical Access,0,0.01,405
2020H1,California,San Bernardino,Methicillin-Resistant Staphylococcus aureus Bloodstream Infections (MRSA BSI),240000104,"Providence St. Mary Medical Center, Apple Valley",Acute Care Hospital,Major Teaching,3,2.07,28857
2020H1,California,San Bernardino,Methicillin-Resistant Staphylococcus aureus Bloodstream Infections (MRSA BSI),240000046,Redlands Community Hospital,Acute Care Hospital,"Community, 125-250 Beds",1,0.53,19031
2020H1,California,San Bernardino,Methicillin-Resistant Staphylococcus aureus Bloodstream Infections (MRSA BSI),240000053,San Antonio Regional Hospital,Acute Care Hospital,"Community, >250 Beds",3,2.31,37002
2020H1,California,San Bernardino,Methicillin-Resistant Staphylococcus aureus Bloodstream Infections (MRSA BSI),240000103,St. Bernardine Medical Center,Acute Care Hospital,Major Teaching,4,2.68,34370
2020H1,California,San Bernardino,Methicillin-Resistant Staphylococcus aureus Bloodstream Infections (MRSA BSI),630012380,"Totally Kids Rehabilitation Hospital, Rehabilitation Unit",Rehabilitation Hospital or Unit,Rehabilitation Unit,0,0.02,1099
2020H1,California,San Bernardino,Methicillin-Resistant Staphylococcus aureus Bloodstream Infections (MRSA BSI),240000054,Victor Valley Global Medical Center,Acute Care Hospital,"Community, <125 Beds",0,0.33,13456
2020H1,California,San Diego,Methicillin-Resistant Staphylococcus aureus Bloodstream Infections (MRSA BSI),090000013,Alvarado Hospital Medical Center,Acute Care Hospital,"Community, <125 Beds",1,0.46,10327
2020H1,California,San Diego,Methicillin-Resistant Staphylococcus aureus Bloodstream Infections (MRSA BSI),080000045,Grossmont Hospital,Acute Care Hospital,Major Teaching,0,5.18,56933
2020H1,California,San Diego,Methicillin-Resistant Staphylococcus aureus Bloodstream Infections (MRSA BSI),080000045,"Grossmont Hospital, Rehabilitation Unit",Rehabilitation Hospital or Unit,Rehabilitation Unit,0,0.03,1789
2020H1,California,San Diego,Methicillin-Resistant Staphylococcus aureus Bloodstream Infections (MRSA BSI),630017096,"Kaiser Foundation Hospital, San Diego",Acute Care Hospital,Major Teaching,1,1.49,29358
2020H1,California,San Diego,Methicillin-Resistant Staphylococcus aureus Bloodstream Infections (MRSA BSI),080000144,"Kaiser Foundation Hospital, Zion",Acute Care Hospital,Major Teaching,0,1.32,19245
2020H1,California,San Diego,Methicillin-Resistant Staphylococcus aureus Bloodstream Infections (MRSA BSI),090000048,"Kindred Hospital, San Diego",Long-Term Acute Care Hospital,Long-Term Acute Care,3,1.28,8772
2020H1,California,San Diego,Methicillin-Resistant Staphylococcus aureus Bloodstream Infections (MRSA BSI),080000142,Palomar Health Downtown Campus,Acute Care Hospital,"Community, <125 Beds",0,0.00,0
2020H1,California,San Diego,Methicillin-Resistant Staphylococcus aureus Bloodstream Infections (MRSA BSI),080000142,"Palomar Health Downtown Campus, Rehabilitation Unit",Rehabilitation Hospital or Unit,Rehabilitation Unit,0,0.04,2146
2020H1,California,San Diego,Methicillin-Resistant Staphylococcus aureus Bloodstream Infections (MRSA BSI),630013873,Palomar Medical Center,Acute Care Hospital,"Community, >250 Beds",1,1.82,40673
2020H1,California,San Diego,Methicillin-Resistant Staphylococcus aureus Bloodstream Infections (MRSA BSI),080000147,Palomar Medical Center Poway,Acute Care Hospital,"Community, <125 Beds",1,0.39,9942
2020H1,California,San Diego,Methicillin-Resistant Staphylococcus aureus Bloodstream Infections (MRSA BSI),080000147,"Palomar Medical Center Poway, Rehabilitation Unit",Rehabilitation Hospital or Unit,Rehabilitation Unit,0,0.02,819
2020H1,California,San Diego,Methicillin-Resistant Staphylococcus aureus Bloodstream Infections (MRSA BSI),090000145,Paradise Valley Hospital,Acute Care Hospital,"Community, >250 Beds",1,0.43,10811
2020H1,California,San Diego,Methicillin-Resistant Staphylococcus aureus Bloodstream Infections (MRSA BSI),090000145,"Paradise Valley Hospital, Rehabilitation Unit",Rehabilitation Hospital or Unit,Rehabilitation Unit,0,0.02,1239
2020H1,California,San Diego,Methicillin-Resistant Staphylococcus aureus Bloodstream Infections (MRSA BSI),080000023,"Rady Children's Hospital, San Diego",Acute Care Hospital,Pediatric,0,1.08,35348
2020H1,California,San Diego,Methicillin-Resistant Staphylococcus aureus Bloodstream Infections (MRSA BSI),080000022,Scripps Green Hospital,Acute Care Hospital,"Community, 125-250 Beds",0,0.57,14982
2020H1,California,San Diego,Methicillin-Resistant Staphylococcus aureus Bloodstream Infections (MRSA BSI),080000150,"Scripps Memorial Hospital, Encinitas",Acute Care Hospital,"Community, 125-250 Beds",0,0.70,25158
2020H1,California,San Diego,Methicillin-Resistant Staphylococcus aureus Bloodstream Infections (MRSA BSI),080000149,"Scripps Memorial Hospital, La Jolla",Acute Care Hospital,"Community, >250 Beds",2,2.51,44761
2020H1,California,San Diego,Methicillin-Resistant Staphylococcus aureus Bloodstream Infections (MRSA BSI),090000025,Scripps Mercy Hospital,Acute Care Hospital,Major Teaching,1,3.02,44519
2020H1,California,San Diego,Methicillin-Resistant Staphylococcus aureus Bloodstream Infections (MRSA BSI),090000016,Scripps Mercy Hospital Chula Vista,Acute Care Hospital,"Community, 125-250 Beds",1,0.81,20527
2020H1,California,San Diego,Methicillin-Resistant Staphylococcus aureus Bloodstream Infections (MRSA BSI),090000977,Select Specialty Hospital - San Diego,Long-Term Acute Care Hospital,Long-Term Acute Care,0,2.93,13118
2020H1,California,San Diego,Methicillin-Resistant Staphylococcus aureus Bloodstream Infections (MRSA BSI),090000021,Sharp Chula Vista Medical Center,Acute Care Hospital,"Community, >250 Beds",0,1.82,35416
2020H1,California,San Diego,Methicillin-Resistant Staphylococcus aureus Bloodstream Infections (MRSA BSI),090000033,Sharp Coronado Hospital and Healthcare Center,Acute Care Hospital,Major Teaching,0,0.16,3594
2020H1,California,San Diego,Methicillin-Resistant Staphylococcus aureus Bloodstream Infections (MRSA BSI),080001470,Sharp Mary Birch Hospital For Women And Newborns,Acute Care Hospital,Major Teaching,1,0.71,27157
2020H1,California,San Diego,Methicillin-Resistant Staphylococcus aureus Bloodstream Infections (MRSA BSI),080000036,Sharp Memorial Hospital,Acute Care Hospital,Major Teaching,0,2.97,47284
2020H1,California,San Diego,Methicillin-Resistant Staphylococcus aureus Bloodstream Infections (MRSA BSI),080000036,"Sharp Memorial Hospital, Rehabilitation Unit",Rehabilitation Hospital or Unit,Rehabilitation Unit,0,0.08,3965
2020H1,California,San Diego,Methicillin-Resistant Staphylococcus aureus Bloodstream Infections (MRSA BSI),080000152,Tri-City Medical Center,Acute Care Hospital,"Community, >250 Beds",0,1.39,28590
2020H1,California,San Diego,Methicillin-Resistant Staphylococcus aureus Bloodstream Infections (MRSA BSI),080000152,"Tri-City Medical Center, Rehabilitation Unit",Rehabilitation Hospital or Unit,Rehabilitation Unit,0,0.02,1162
2020H1,California,San Diego,Methicillin-Resistant Staphylococcus aureus Bloodstream Infections (MRSA BSI),090000154,UC San Diego Health Hillcrest,Acute Care Hospital,Major Teaching,1,3.22,35304
2020H1,California,San Diego,Methicillin-Resistant Staphylococcus aureus Bloodstream Infections (MRSA BSI),090001116,UC San Diego Health La Jolla,Acute Care Hospital,Major Teaching,3,4.47,61320
2020H1,California,San Francisco,Methicillin-Resistant Staphylococcus aureus Bloodstream Infections (MRSA BSI),220000023,"California Pacific Medical Center, Davies Campus Hospital",Acute Care Hospital,Major Teaching,0,0.53,7603
2020H1,California,San Francisco,Methicillin-Resistant Staphylococcus aureus Bloodstream Infections (MRSA BSI),220000023,"California Pacific Medical Center, Davies Campus Hospital, Rehabilitation Unit",Rehabilitation Hospital or Unit,Rehabilitation Unit,0,0.08,4211
2020H1,California,San Francisco,Methicillin-Resistant Staphylococcus aureus Bloodstream Infections (MRSA BSI),220000018,"California Pacific Medical Center, Mission Bernal Campus",Acute Care Hospital,Major Teaching,0,0.56,10295
2020H1,California,San Francisco,Methicillin-Resistant Staphylococcus aureus Bloodstream Infections (MRSA BSI),220000022,"California Pacific Medical Center, Van Ness Campus",Acute Care Hospital,Major Teaching,0,3.30,43120
2020H1,California,San Francisco,Methicillin-Resistant Staphylococcus aureus Bloodstream Infections (MRSA BSI),220000003,Chinese Hospital,Acute Care Hospital,"Community, <125 Beds",1,0.06,2507
2020H1,California,San Francisco,Methicillin-Resistant Staphylococcus aureus Bloodstream Infections (MRSA BSI),220000008,"Kaiser Foundation Hospital, San Francisco",Acute Care Hospital,Major Teaching,1,1.58,31987
2020H1,California,San Francisco,Methicillin-Resistant Staphylococcus aureus Bloodstream Infections (MRSA BSI),630016625,Kentfield Hospital San Francisco,Long-Term Acute Care Hospital,Long-Term Acute Care,2,0.93,6097
2020H1,California,San Francisco,Methicillin-Resistant Staphylococcus aureus Bloodstream Infections (MRSA BSI),220000012,Laguna Honda Hospital & Rehabilitation Center,Acute Care Hospital,"Community, <125 Beds",0,0.01,411
2020H1,California,San Francisco,Methicillin-Resistant Staphylococcus aureus Bloodstream Infections (MRSA BSI),220000012,"Laguna Honda Hospital & Rehabilitation Center, Rehabilitation Unit",Rehabilitation Hospital or Unit,Rehabilitation Unit,0,0.01,392
2020H1,California,San Francisco,Methicillin-Resistant Staphylococcus aureus Bloodstream Infections (MRSA BSI),220000029,Saint Francis Memorial Hospital,Acute Care Hospital,"Community, 125-250 Beds",0,0.66,9080
2020H1,California,San Francisco,Methicillin-Resistant Staphylococcus aureus Bloodstream Infections (MRSA BSI),220000029,"Saint Francis Memorial Hospital, Rehabilitation Unit",Rehabilitation Hospital or Unit,Rehabilitation Unit,0,0.08,4080
2020H1,California,San Francisco,Methicillin-Resistant Staphylococcus aureus Bloodstream Infections (MRSA BSI),220000030,St. Mary's Medical Center,Acute Care Hospital,"Community, 125-250 Beds",0,0.37,7709
2020H1,California,San Francisco,Methicillin-Resistant Staphylococcus aureus Bloodstream Infections (MRSA BSI),220000030,"St. Mary's Medical Center, Rehabilitation Unit",Rehabilitation Hospital or Unit,Rehabilitation Unit,0,0.03,1777
2020H1,California,San Francisco,Methicillin-Resistant Staphylococcus aureus Bloodstream Infections (MRSA BSI),220000031,UCSF Medical Center,Acute Care Hospital,Major Teaching,2,6.26,68984
2020H1,California,San Francisco,Methicillin-Resistant Staphylococcus aureus Bloodstream Infections (MRSA BSI),630015778,UCSF Medical Center at Mission Bay,Acute Care Hospital,Major Teaching,2,2.89,45010
2020H1,California,San Francisco,Methicillin-Resistant Staphylococcus aureus Bloodstream Infections (MRSA BSI),220000019,Zuckerberg San Francisco General Hospital and Trauma Center,Acute Care Hospital,Major Teaching,1,3.35,44389
2020H1,California,San Joaquin,Methicillin-Resistant Staphylococcus aureus Bloodstream Infections (MRSA BSI),030000117,Dameron Hospital,Acute Care Hospital,"Community, 125-250 Beds",1,0.43,7342
2020H1,California,San Joaquin,Methicillin-Resistant Staphylococcus aureus Bloodstream Infections (MRSA BSI),030000118,Doctors Hospital of Manteca,Acute Care Hospital,"Community, <125 Beds",0,0.44,7564
2020H1,California,San Joaquin,Methicillin-Resistant Staphylococcus aureus Bloodstream Infections (MRSA BSI),030000973,"Kaiser Foundation Hospital, Manteca",Acute Care Hospital,"Community, <125 Beds",0,0.08,3904
2020H1,California,San Joaquin,Methicillin-Resistant Staphylococcus aureus Bloodstream Infections (MRSA BSI),030000135,San Joaquin General Hospital,Acute Care Hospital,Major Teaching,3,1.58,23116
2020H1,California,San Joaquin,Methicillin-Resistant Staphylococcus aureus Bloodstream Infections (MRSA BSI),030000143,St. Joseph's Medical Center Of Stockton,Acute Care Hospital,"Community, >250 Beds",4,2.28,46018
2020H1,California,San Joaquin,Methicillin-Resistant Staphylococcus aureus Bloodstream Infections (MRSA BSI),030000141,Sutter Tracy Community Hospital,Acute Care Hospital,"Community, <125 Beds",0,0.23,6633
2020H1,California,San Luis Obispo,Methicillin-Resistant Staphylococcus aureus Bloodstream Infections (MRSA BSI),050000016,French Hospital Medical Center,Acute Care Hospital,"Community, <125 Beds",0,0.37,9313
2020H1,California,San Luis Obispo,Methicillin-Resistant Staphylococcus aureus Bloodstream Infections (MRSA BSI),050000009,"Marian Regional Medical Center, Arroyo Grande",Acute Care Hospital,"Community, <125 Beds",0,0.11,3073
2020H1,California,San Luis Obispo,Methicillin-Resistant Staphylococcus aureus Bloodstream Infections (MRSA BSI),050000009,"Marian Regional Medical Center, Arroyo Grande, Rehabilitation Unit",Rehabilitation Hospital or Unit,Rehabilitation Unit,0,0.06,3113
2020H1,California,San Luis Obispo,Methicillin-Resistant Staphylococcus aureus Bloodstream Infections (MRSA BSI),050000031,Sierra Vista Regional Medical Center,Acute Care Hospital,"Community, 125-250 Beds",0,0.46,10236
2020H1,California,San Luis Obispo,Methicillin-Resistant Staphylococcus aureus Bloodstream Infections (MRSA BSI),050000037,Tenet Health Central Coast Twin Cities Community Hospital,Acute Care Hospital,"Community, <125 Beds",0,0.33,7617
2020H1,California,San Mateo,Methicillin-Resistant Staphylococcus aureus Bloodstream Infections (MRSA BSI),220000026,AHMC Seton Medical Center,Acute Care Hospital,"Community, 125-250 Beds",0,0.39,8972
2020H1,California,San Mateo,Methicillin-Resistant Staphylococcus aureus Bloodstream Infections (MRSA BSI),220000010,"Kaiser Foundation Hospital, Redwood City",Acute Care Hospital,Major Teaching,0,0.60,14977
2020H1,California,San Mateo,Methicillin-Resistant Staphylococcus aureus Bloodstream Infections (MRSA BSI),220000009,"Kaiser Foundation Hospital, South San Francisco",Acute Care Hospital,"Community, <125 Beds",0,0.46,10813
2020H1,California,San Mateo,Methicillin-Resistant Staphylococcus aureus Bloodstream Infections (MRSA BSI),220000716,Menlo Park Surgical Hospital,Acute Care Hospital,"Community, <125 Beds",0,0.00,118
2020H1,California,San Mateo,Methicillin-Resistant Staphylococcus aureus Bloodstream Infections (MRSA BSI),220000017,Mills-Peninsula Medical Center,Acute Care Hospital,"Community, 125-250 Beds",2,0.90,23502
2020H1,California,San Mateo,Methicillin-Resistant Staphylococcus aureus Bloodstream Infections (MRSA BSI),220000007,San Mateo Medical Center,Acute Care Hospital,"Community, <125 Beds",1,0.14,5446
2020H1,California,San Mateo,Methicillin-Resistant Staphylococcus aureus Bloodstream Infections (MRSA BSI),220000025,Sequoia Hospital,Acute Care Hospital,"Community, 125-250 Beds",0,0.33,10545
2020H1,California,Santa Barbara,Methicillin-Resistant Staphylococcus aureus Bloodstream Infections (MRSA BSI),050000017,Goleta Valley Cottage Hospital,Acute Care Hospital,"Community, <125 Beds",0,0.05,1704
2020H1,California,Santa Barbara,Methicillin-Resistant Staphylococcus aureus Bloodstream Infections (MRSA BSI),050000018,Lompoc Valley Medical Center,Acute Care Hospital,Major Teaching,0,0.10,4359
2020H1,California,Santa Barbara,Methicillin-Resistant Staphylococcus aureus Bloodstream Infections (MRSA BSI),050000021,Marian Regional Medical Center,Acute Care Hospital,"Community, 125-250 Beds",0,1.46,28734
2020H1,California,Santa Barbara,Methicillin-Resistant Staphylococcus aureus Bloodstream Infections (MRSA BSI),050000280,Santa Barbara Cottage Hospital,Acute Care Hospital,Major Teaching,1,2.03,35632
2020H1,California,Santa Barbara,Methicillin-Resistant Staphylococcus aureus Bloodstream Infections (MRSA BSI),050000280,"Santa Barbara Cottage Hospital, Rehabilitation Unit",Rehabilitation Hospital or Unit,Rehabilitation Unit,0,0.08,4341
2020H1,California,Santa Barbara,Methicillin-Resistant Staphylococcus aureus Bloodstream Infections (MRSA BSI),050000030,Santa Ynez Valley Cottage Hospital,Critical Access Hospital,Critical Access,0,0.00,160
2020H1,California,Santa Clara,Methicillin-Resistant Staphylococcus aureus Bloodstream Infections (MRSA BSI),070001351,El Camino Health,Acute Care Hospital,"Community, >250 Beds",2,1.29,33668
2020H1,California,Santa Clara,Methicillin-Resistant Staphylococcus aureus Bloodstream Infections (MRSA BSI),070000136,El Camino Health Los Gatos,Acute Care Hospital,"Community, 125-250 Beds",0,0.28,5276
2020H1,California,Santa Clara,Methicillin-Resistant Staphylococcus aureus Bloodstream Infections (MRSA BSI),070000136,"El Camino Health Los Gatos, Rehabilitation Unit",Rehabilitation Hospital or Unit,Rehabilitation Unit,0,0.07,3832
2020H1,California,Santa Clara,Methicillin-Resistant Staphylococcus aureus Bloodstream Infections (MRSA BSI),070000153,"Good Samaritan Hospital, San Jose",Acute Care Hospital,"Community, >250 Beds",2,1.89,32385
2020H1,California,Santa Clara,Methicillin-Resistant Staphylococcus aureus Bloodstream Infections (MRSA BSI),070000150,"Kaiser Foundation Hospital, San Jose",Acute Care Hospital,"Community, 125-250 Beds",2,0.79,22555
2020H1,California,Santa Clara,Methicillin-Resistant Staphylococcus aureus Bloodstream Infections (MRSA BSI),070001355,"Kaiser Foundation Hospital, Santa Clara",Acute Care Hospital,Major Teaching,1,2.23,44135
2020H1,California,Santa Clara,Methicillin-Resistant Staphylococcus aureus Bloodstream Infections (MRSA BSI),070001349,Lucile Packard Children's Hospital Stanford,Acute Care Hospital,Pediatric,2,1.57,45363
2020H1,California,Santa Clara,Methicillin-Resistant Staphylococcus aureus Bloodstream Infections (MRSA BSI),070000154,Mission Oaks Hospital,Acute Care Hospital,"Community, <125 Beds",0,0.00,0
2020H1,California,Santa Clara,Methicillin-Resistant Staphylococcus aureus Bloodstream Infections (MRSA BSI),070000154,"Mission Oaks Hospital, Rehabilitation Unit",Rehabilitation Hospital or Unit,Rehabilitation Unit,0,0.05,2484
2020H1,California,Santa Clara,Methicillin-Resistant Staphylococcus aureus Bloodstream Infections (MRSA BSI),070000146,O'Connor Hospital,Acute Care Hospital,Major Teaching,2,1.19,19506
2020H1,California,Santa Clara,Methicillin-Resistant Staphylococcus aureus Bloodstream Infections (MRSA BSI),070000133,Regional Medical Center of San Jose,Acute Care Hospital,"Community, >250 Beds",0,2.62,35100
2020H1,California,Santa Clara,Methicillin-Resistant Staphylococcus aureus Bloodstream Infections (MRSA BSI),070000149,Santa Clara Valley Medical Center,Acute Care Hospital,Major Teaching,4,4.41,46784
2020H1,California,Santa Clara,Methicillin-Resistant Staphylococcus aureus Bloodstream Infections (MRSA BSI),070000149,"Santa Clara Valley Medical Center, Rehabilitation Unit",Rehabilitation Hospital or Unit,Rehabilitation Unit,0,0.14,7593
2020H1,California,Santa Clara,Methicillin-Resistant Staphylococcus aureus Bloodstream Infections (MRSA BSI),070000635,St. Louise Regional Hospital,Acute Care Hospital,"Community, <125 Beds",0,0.18,5153
2020H1,California,Santa Clara,Methicillin-Resistant Staphylococcus aureus Bloodstream Infections (MRSA BSI),070001357,Stanford Health Care,Acute Care Hospital,Major Teaching,6,4.97,74416
2020H1,California,Santa Cruz,Methicillin-Resistant Staphylococcus aureus Bloodstream Infections (MRSA BSI),070000139,Dominican Hospital,Acute Care Hospital,"Community, 125-250 Beds",0,1.43,20222
2020H1,California,Santa Cruz,Methicillin-Resistant Staphylococcus aureus Bloodstream Infections (MRSA BSI),070000139,"Dominican Hospital, Rehabilitation Unit",Rehabilitation Hospital or Unit,Rehabilitation Unit,0,0.06,3171
2020H1,California,Santa Cruz,Methicillin-Resistant Staphylococcus aureus Bloodstream Infections (MRSA BSI),070000959,Sutter Maternity & Surgery Center of Santa Cruz,Acute Care Hospital,"Community, <125 Beds",0,0.04,2290
2020H1,California,Santa Cruz,Methicillin-Resistant Staphylococcus aureus Bloodstream Infections (MRSA BSI),070000155,Watsonville Community Hospital,Acute Care Hospital,"Community, <125 Beds",0,0.10,5858
2020H1,California,Shasta,Methicillin-Resistant Staphylococcus aureus Bloodstream Infections (MRSA BSI),230000009,Mayers Memorial Hospital,Critical Access Hospital,Critical Access,0,0.01,553
2020H1,California,Shasta,Methicillin-Resistant Staphylococcus aureus Bloodstream Infections (MRSA BSI),230000010,Mercy Medical Center Redding,Acute Care Hospital,"Community, >250 Beds",1,2.22,28273
2020H1,California,Shasta,Methicillin-Resistant Staphylococcus aureus Bloodstream Infections (MRSA BSI),230000444,Patients' Hospital of Redding,Acute Care Hospital,"Community, <125 Beds",0,0.00,201
2020H1,California,Shasta,Methicillin-Resistant Staphylococcus aureus Bloodstream Infections (MRSA BSI),230000016,Shasta Regional Medical Center,Acute Care Hospital,"Community, 125-250 Beds",1,0.67,13230
2020H1,California,Shasta,Methicillin-Resistant Staphylococcus aureus Bloodstream Infections (MRSA BSI),230000422,Vibra Hospital of Northern California,Long-Term Acute Care Hospital,Long-Term Acute Care,0,0.73,6273
2020H1,California,Siskiyou,Methicillin-Resistant Staphylococcus aureus Bloodstream Infections (MRSA BSI),230000019,Fairchild Medical Center,Critical Access Hospital,Critical Access,0,0.04,2058
2020H1,California,Siskiyou,Methicillin-Resistant Staphylococcus aureus Bloodstream Infections (MRSA BSI),230000012,Mercy Medical Center Mt. Shasta,Critical Access Hospital,Critical Access,0,0.03,1292
2020H1,California,Solano,Methicillin-Resistant Staphylococcus aureus Bloodstream Infections (MRSA BSI),110000011,"Kaiser Foundation Hospital and Rehab Center, Vallejo",Acute Care Hospital,Major Teaching,2,1.13,18848
2020H1,California,Solano,Methicillin-Resistant Staphylococcus aureus Bloodstream Infections (MRSA BSI),110000011,"Kaiser Foundation Hospital and Rehab Center, Vallejo, Rehabilitation Unit",Rehabilitation Hospital or Unit,Rehabilitation Unit,0,0.14,7206
2020H1,California,Solano,Methicillin-Resistant Staphylococcus aureus Bloodstream Infections (MRSA BSI),630012364,"Kaiser Foundation Hospital, Vacaville",Acute Care Hospital,Major Teaching,0,0.77,15617
2020H1,California,Solano,Methicillin-Resistant Staphylococcus aureus Bloodstream Infections (MRSA BSI),110000010,Northbay Medical Center,Acute Care Hospital,"Community, 125-250 Beds",0,0.67,17428
2020H1,California,Solano,Methicillin-Resistant Staphylococcus aureus Bloodstream Infections (MRSA BSI),110000378,Northbay Vacavalley Hospital,Acute Care Hospital,"Community, <125 Beds",0,0.13,6123
2020H1,California,Solano,Methicillin-Resistant Staphylococcus aureus Bloodstream Infections (MRSA BSI),110000068,Sutter Solano Medical Center,Acute Care Hospital,"Community, <125 Beds",1,0.34,9548
2020H1,California,Sonoma,Methicillin-Resistant Staphylococcus aureus Bloodstream Infections (MRSA BSI),110000009,Healdsburg Hospital,Critical Access Hospital,Critical Access,0,0.02,1065
2020H1,California,Sonoma,Methicillin-Resistant Staphylococcus aureus Bloodstream Infections (MRSA BSI),110000508,"Kaiser Foundation Hospital, Santa Rosa",Acute Care Hospital,Major Teaching,0,1.18,19689
2020H1,California,Sonoma,Methicillin-Resistant Staphylococcus aureus Bloodstream Infections (MRSA BSI),110000040,Petaluma Valley Hospital,Acute Care Hospital,"Community, <125 Beds",0,0.28,5251
2020H1,California,Sonoma,Methicillin-Resistant Staphylococcus aureus Bloodstream Infections (MRSA BSI),140001268,Providence Santa Rosa Memorial Hospital,Acute Care Hospital,"Community, >250 Beds",3,1.93,29111
2020H1,California,Sonoma,Methicillin-Resistant Staphylococcus aureus Bloodstream Infections (MRSA BSI),140001268,"Providence Santa Rosa Memorial Hospital, Rehabilitation Unit",Rehabilitation Hospital or Unit,Rehabilitation Unit,0,0.03,1718
2020H1,California,Sonoma,Methicillin-Resistant Staphylococcus aureus Bloodstream Infections (MRSA BSI),110000056,Sonoma Valley Hospital,Acute Care Hospital,"Community, <125 Beds",0,0.02,1398
2020H1,California,Sonoma,Methicillin-Resistant Staphylococcus aureus Bloodstream Infections (MRSA BSI),110000007,Sutter Santa Rosa Regional Hospital,Acute Care Hospital,"Community, <125 Beds",1,0.84,15358
2020H1,California,Stanislaus,Methicillin-Resistant Staphylococcus aureus Bloodstream Infections (MRSA BSI),030000129,Central Valley Specialty Hospital,Long-Term Acute Care Hospital,Long-Term Acute Care,0,0.28,2109
2020H1,California,Stanislaus,Methicillin-Resistant Staphylococcus aureus Bloodstream Infections (MRSA BSI),030000122,Doctors Medical Center,Acute Care Hospital,"Community, >250 Beds",7,4.29,51596
2020H1,California,Stanislaus,Methicillin-Resistant Staphylococcus aureus Bloodstream Infections (MRSA BSI),030000125,Emanuel Medical Center,Acute Care Hospital,"Community, 125-250 Beds",2,0.61,17950
2020H1,California,Stanislaus,Methicillin-Resistant Staphylococcus aureus Bloodstream Infections (MRSA BSI),630016419,Encompass Health Rehabilitation Hospital of Modesto,Rehabilitation Hospital or Unit,Free-Standing Rehabilitation,0,0.11,5866
2020H1,California,Stanislaus,Methicillin-Resistant Staphylococcus aureus Bloodstream Infections (MRSA BSI),630011683,"Kaiser Foundation Hospital, Modesto",Acute Care Hospital,"Community, 125-250 Beds",2,0.87,21813
2020H1,California,Stanislaus,Methicillin-Resistant Staphylococcus aureus Bloodstream Infections (MRSA BSI),030000123,Memorial Medical Center,Acute Care Hospital,"Community, >250 Beds",2,2.22,45598
2020H1,California,Stanislaus,Methicillin-Resistant Staphylococcus aureus Bloodstream Infections (MRSA BSI),030000131,Oak Valley Hospital District,Acute Care Hospital,"Community, <125 Beds",0,0.04,1232
2020H1,California,Stanislaus,Methicillin-Resistant Staphylococcus aureus Bloodstream Infections (MRSA BSI),030001661,Stanislaus Surgical Hospital,Acute Care Hospital,"Community, <125 Beds",0,0.00,254
2020H1,California,Sutter,Methicillin-Resistant Staphylococcus aureus Bloodstream Infections (MRSA BSI),630011844,"Sutter Surgical Hospital, North Valley",Acute Care Hospital,"Community, <125 Beds",0,0.01,486
2020H1,California,Tehama,Methicillin-Resistant Staphylococcus aureus Bloodstream Infections (MRSA BSI),230000020,St. Elizabeth Community Hospital,Acute Care Hospital,Major Teaching,0,0.14,4726
2020H1,California,Trinity,Methicillin-Resistant Staphylococcus aureus Bloodstream Infections (MRSA BSI),230000022,Trinity Hospital,Critical Access Hospital,Critical Access,0,0.02,990
2020H1,California,Tulare,Methicillin-Resistant Staphylococcus aureus Bloodstream Infections (MRSA BSI),120001444,"Kaweah Delta Medical Center, Rehabilitation Unit",Rehabilitation Hospital or Unit,Rehabilitation Unit,0,0.01,634
2020H1,California,Tulare,Methicillin-Resistant Staphylococcus aureus Bloodstream Infections (MRSA BSI),170001874,Porterville Developmental Center,Acute Care Hospital,"Community, <125 Beds",0,0.00,97
2020H1,California,Tulare,Methicillin-Resistant Staphylococcus aureus Bloodstream Infections (MRSA BSI),120001464,Sierra View Medical Center,Acute Care Hospital,"Community, 125-250 Beds",2,0.35,9943
2020H1,California,Ventura,Methicillin-Resistant Staphylococcus aureus Bloodstream Infections (MRSA BSI),050000455,Adventist Health Simi Valley,Acute Care Hospital,"Community, 125-250 Beds",0,0.32,11313
2020H1,California,Ventura,Methicillin-Resistant Staphylococcus aureus Bloodstream Infections (MRSA BSI),050000014,"Community Memorial Hospital, San Buenaventura",Acute Care Hospital,Major Teaching,0,2.52,25709
2020H1,California,Ventura,Methicillin-Resistant Staphylococcus aureus Bloodstream Infections (MRSA BSI),050000020,Los Robles Hospital & Medical Center,Acute Care Hospital,"Community, >250 Beds",1,1.94,33174
2020H1,California,Ventura,Methicillin-Resistant Staphylococcus aureus Bloodstream Infections (MRSA BSI),050000553,"Los Robles Hospital & Medical Center, East Campus",Rehabilitation Hospital or Unit,Free-Standing Rehabilitation,0,0.12,6381
2020H1,California,Ventura,Methicillin-Resistant Staphylococcus aureus Bloodstream Infections (MRSA BSI),050000023,Ojai Valley Community Hospital,Critical Access Hospital,Critical Access,0,0.01,359
2020H1,California,Ventura,Methicillin-Resistant Staphylococcus aureus Bloodstream Infections (MRSA BSI),050000026,St Johns Pleasant Valley Hospital,Acute Care Hospital,"Community, <125 Beds",1,0.29,7457
2020H1,California,Ventura,Methicillin-Resistant Staphylococcus aureus Bloodstream Infections (MRSA BSI),050000035,St Johns Regional Medical Center,Acute Care Hospital,"Community, 125-250 Beds",2,0.99,20853
2020H1,California,Ventura,Methicillin-Resistant Staphylococcus aureus Bloodstream Infections (MRSA BSI),050000035,"St Johns Regional Medical Center, Rehabilitation Unit",Rehabilitation Hospital or Unit,Rehabilitation Unit,0,0.06,2917
2020H1,California,Ventura,Methicillin-Resistant Staphylococcus aureus Bloodstream Infections (MRSA BSI),050001468,Thousand Oaks Surgical Hospital,Acute Care Hospital,"Community, <125 Beds",0,0.01,728
2020H1,California,Ventura,Methicillin-Resistant Staphylococcus aureus Bloodstream Infections (MRSA BSI),050000039,Ventura County Medical Center,Acute Care Hospital,Major Teaching,0,0.79,15842
2020H1,California,Ventura,Methicillin-Resistant Staphylococcus aureus Bloodstream Infections (MRSA BSI),630010957,"Ventura County Medical Center, Santa Paula Hospital",Acute Care Hospital,Major Teaching,0,0.08,1988
2020H1,California,Yolo,Methicillin-Resistant Staphylococcus aureus Bloodstream Infections (MRSA BSI),030000149,Sutter Davis Hospital,Acute Care Hospital,"Community, <125 Beds",0,0.21,6622
2020H1,California,Yolo,Methicillin-Resistant Staphylococcus aureus Bloodstream Infections (MRSA BSI),030000146,Woodland Memorial Hospital,Acute Care Hospital,"Community, <125 Beds",0,0.19,5849
2020H1,California,Yuba,Methicillin-Resistant Staphylococcus aureus Bloodstream Infections (MRSA BSI),230000261,Adventist Health and Rideout,Acute Care Hospital,"Community, 125-250 Beds",1,1.15,29788
