Year,State,HAI,Facility_ID1,Facility_Name1,County,Cases,Predicted_Cases,Patient_Days,SIR,SIR_CI_95_Lower_Limit,SIR_CI_95_Upper_Limit,Comparison,Notes
2014,California,Methicillin-Resistant Staphylococcus aureus Bloodstream Infection (MRSA BSI),060000002,AHMC Anaheim Regional Medical Center,Orange,4,3,48300,1.33,0.42,3.22,No Different,
2014,California,Methicillin-Resistant Staphylococcus aureus Bloodstream Infection (MRSA BSI),630012960,Adventist Medical Center,Kings,0,1.73,31054,0,0,1.74,No Different,
2014,California,Methicillin-Resistant Staphylococcus aureus Bloodstream Infection (MRSA BSI),040000124,Adventist Medical Center - Reedley,Fresno,0,0.27,6909,,,,,
2014,California,Methicillin-Resistant Staphylococcus aureus Bloodstream Infection (MRSA BSI),040000122,Adventist Medical Center - Selma,Fresno,0,0.4,8700,,,,,
2014,California,Methicillin-Resistant Staphylococcus aureus Bloodstream Infection (MRSA BSI),140000011,Alameda Hospital,Alameda,0,0.4,10019,,,,,
2014,California,Methicillin-Resistant Staphylococcus aureus Bloodstream Infection (MRSA BSI),930000005,Alhambra Hospital Medical Center,Los Angeles,1,1.26,20010,0.79,0.04,3.91,No Different,
2014,California,Methicillin-Resistant Staphylococcus aureus Bloodstream Infection (MRSA BSI),140000425,Alta Bates Summit Medical Center,Alameda,3,4.24,53427,0.71,0.18,1.93,No Different,"Hospitals reported combined data, see Data Dictionary"
2014,California,Methicillin-Resistant Staphylococcus aureus Bloodstream Infection (MRSA BSI),140000012,Alta Bates Summit Medical Center-Alta Bates Campus,Alameda,2,5.03,81124,0.4,0.07,1.31,No Different,"Hospitals reported combined data, see Data Dictionary"
2014,California,Methicillin-Resistant Staphylococcus aureus Bloodstream Infection (MRSA BSI),090000013,Alvarado Hospital Medical Center,San Diego,1,2.27,32780,0.44,0.02,2.17,No Different,"Hospitals reported combined data, see Data Dictionary"
2014,California,Methicillin-Resistant Staphylococcus aureus Bloodstream Infection (MRSA BSI),930000008,Antelope Valley Hospital,Los Angeles,4,5.62,92233,0.71,0.23,1.72,No Different,
2014,California,Methicillin-Resistant Staphylococcus aureus Bloodstream Infection (MRSA BSI),240000100,Arrowhead Regional Medical Center,San Bernardino,11,10.04,96051,1.1,0.58,1.9,No Different,
2014,California,Methicillin-Resistant Staphylococcus aureus Bloodstream Infection (MRSA BSI),120001330,Bakersfield Heart Hospital,Kern,1,0.94,15235,,,,,
2014,California,Methicillin-Resistant Staphylococcus aureus Bloodstream Infection (MRSA BSI),120000338,Bakersfield Memorial Hospital,Kern,8,3.38,65753,2.37,1.1,4.5,Higher,
2014,California,Methicillin-Resistant Staphylococcus aureus Bloodstream Infection (MRSA BSI),230000008,Banner Lassen Medical Center,Lassen,0,0.24,4819,,,,,
2014,California,Methicillin-Resistant Staphylococcus aureus Bloodstream Infection (MRSA BSI),240000001,Barstow Community Hospital,San Bernardino,2,0.52,6866,,,,,
2014,California,Methicillin-Resistant Staphylococcus aureus Bloodstream Infection (MRSA BSI),030000114,Barton Memorial Hospital,El Dorado,0,0.26,7275,,,,,
2014,California,Methicillin-Resistant Staphylococcus aureus Bloodstream Infection (MRSA BSI),240000002,Bear Valley Community Hospital,San Bernardino,0,0.02,543,,,,,
2014,California,Methicillin-Resistant Staphylococcus aureus Bloodstream Infection (MRSA BSI),930000012,Beverly Hospital,Los Angeles,3,2.03,39407,1.48,0.38,4.03,No Different,
2014,California,Methicillin-Resistant Staphylococcus aureus Bloodstream Infection (MRSA BSI),230000001,Biggs Gridley Memorial Hospital,Butte,0,0.08,2216,,,,,
2014,California,Methicillin-Resistant Staphylococcus aureus Bloodstream Infection (MRSA BSI),930000002,California Hospital Medical Center - Los Angeles,Los Angeles,4,4.75,76620,0.84,0.27,2.03,No Different,
2014,California,Methicillin-Resistant Staphylococcus aureus Bloodstream Infection (MRSA BSI),150000441,California Medical Facility,Solano,0,0.08,2167,,,,,
2014,California,Methicillin-Resistant Staphylococcus aureus Bloodstream Infection (MRSA BSI),170001888,California Mens Colony,San Luis Obispo,,,,,,,,"Incomplete Reporter, see Data Dictionary"
2014,California,Methicillin-Resistant Staphylococcus aureus Bloodstream Infection (MRSA BSI),220000023,California Pacific Medical Center - Davies Campus Hospital,San Francisco,1,1.62,23101,0.62,0.03,3.05,No Different,
2014,California,Methicillin-Resistant Staphylococcus aureus Bloodstream Infection (MRSA BSI),220000022,California Pacific Medical Center - Pacific Campus Hospital,San Francisco,6,3.87,69623,1.55,0.63,3.23,No Different,
2014,California,Methicillin-Resistant Staphylococcus aureus Bloodstream Infection (MRSA BSI),220000002,California Pacific Medical Center – California West Campus Hospital,San Francisco,0,1.49,41538,0,0,2.01,No Different,
2014,California,Methicillin-Resistant Staphylococcus aureus Bloodstream Infection (MRSA BSI),220000018,California Pacific Medical Center – St. Luke’s Campus Hospital,San Francisco,2,1.15,21055,1.74,0.29,5.76,No Different,
2014,California,Methicillin-Resistant Staphylococcus aureus Bloodstream Infection (MRSA BSI),930000013,Catalina Island Medical Center,Los Angeles,0,0.01,150,,,,,
2014,California,Methicillin-Resistant Staphylococcus aureus Bloodstream Infection (MRSA BSI),930000004,Cedars-Sinai Medical Center,Los Angeles,13,24.24,260599,0.54,0.3,0.89,Lower,
2014,California,Methicillin-Resistant Staphylococcus aureus Bloodstream Infection (MRSA BSI),930000022,Centinela Hospital Medical Center,Los Angeles,2,3.69,73159,0.54,0.09,1.79,No Different,
2014,California,Methicillin-Resistant Staphylococcus aureus Bloodstream Infection (MRSA BSI),040000119,Central Valley General Hospital,Kings,0,0.29,8168,,,,,
2014,California,Methicillin-Resistant Staphylococcus aureus Bloodstream Infection (MRSA BSI),060000006,Chapman Medical Center,Orange,1,0.46,11528,,,,,
2014,California,Methicillin-Resistant Staphylococcus aureus Bloodstream Infection (MRSA BSI),140000014,Children's Hospital & Research Center Oakland,Alameda,3,2.58,49709,1.16,0.3,3.16,No Different,
2014,California,Methicillin-Resistant Staphylococcus aureus Bloodstream Infection (MRSA BSI),040000129,Children's Hospital Central California,Madera,0,3.28,74658,0,0,0.91,Lower,
2014,California,Methicillin-Resistant Staphylococcus aureus Bloodstream Infection (MRSA BSI),060001207,Children's Hospital at Mission,Orange,0,0.28,7932,,,,,
2014,California,Methicillin-Resistant Staphylococcus aureus Bloodstream Infection (MRSA BSI),060000007,Children's Hospital of Orange County,Orange,0,3.4,58288,0,0,0.88,Lower,
2014,California,Methicillin-Resistant Staphylococcus aureus Bloodstream Infection (MRSA BSI),930000034,Childrens Hospital Los Angeles,Los Angeles,4,5.63,103420,0.71,0.23,1.71,No Different,
2014,California,Methicillin-Resistant Staphylococcus aureus Bloodstream Infection (MRSA BSI),220000003,Chinese Hospital,San Francisco,0,0.29,7978,,,,,
2014,California,Methicillin-Resistant Staphylococcus aureus Bloodstream Infection (MRSA BSI),240000003,Chino Valley Medical Center,San Bernardino,0,0.57,14971,,,,,
2014,California,Methicillin-Resistant Staphylococcus aureus Bloodstream Infection (MRSA BSI),930000070,Citrus Valley Medical Center - IC Campus,Los Angeles,7,7.66,111266,0.91,0.4,1.81,No Different,"Hospitals reported combined data, see Data Dictionary"
2014,California,Methicillin-Resistant Staphylococcus aureus Bloodstream Infection (MRSA BSI),930000036,City of Hope Helford Clinical Research Hospital,Los Angeles,4,2.26,58136,1.77,0.56,4.26,No Different,
2014,California,Methicillin-Resistant Staphylococcus aureus Bloodstream Infection (MRSA BSI),040000095,Clovis Community Medical Center,Fresno,2,2.24,58538,0.89,0.15,2.95,No Different,
2014,California,Methicillin-Resistant Staphylococcus aureus Bloodstream Infection (MRSA BSI),040000096,Coalinga Regional Medical Center,Fresno,0,0.02,575,,,,,
2014,California,Methicillin-Resistant Staphylococcus aureus Bloodstream Infection (MRSA BSI),930000038,Coast Plaza Hospital,Los Angeles,0,0.58,13762,,,,,
2014,California,Methicillin-Resistant Staphylococcus aureus Bloodstream Infection (MRSA BSI),060000021,Coastal Communities Hospital,Orange,0,0.8,18026,,,,,
2014,California,Methicillin-Resistant Staphylococcus aureus Bloodstream Infection (MRSA BSI),060000008,College Hospital Costa Mesa,Orange,0,1.47,40966,0,0,2.04,No Different,
2014,California,Methicillin-Resistant Staphylococcus aureus Bloodstream Infection (MRSA BSI),930000114,College Medical Center,Los Angeles,0,1.69,35912,0,0,1.77,No Different,
2014,California,Methicillin-Resistant Staphylococcus aureus Bloodstream Infection (MRSA BSI),240000034,Colorado River Medical Center,San Bernardino,0,0.06,1733,,,,,
2014,California,Methicillin-Resistant Staphylococcus aureus Bloodstream Infection (MRSA BSI),230000259,Colusa Regional Medical Center,Colusa,0,0.1,2726,,,,,
2014,California,Methicillin-Resistant Staphylococcus aureus Bloodstream Infection (MRSA BSI),930000082,Community Hospital Long Beach,Los Angeles,0,0.89,11949,,,,,
2014,California,Methicillin-Resistant Staphylococcus aureus Bloodstream Infection (MRSA BSI),930000040,Community Hospital of Huntington Park,Los Angeles,1,0.78,13598,,,,,
2014,California,Methicillin-Resistant Staphylococcus aureus Bloodstream Infection (MRSA BSI),240000082,Community Hospital of San Bernardino,San Bernardino,1,1.41,32397,0.71,0.04,3.5,No Different,
2014,California,Methicillin-Resistant Staphylococcus aureus Bloodstream Infection (MRSA BSI),070000137,Community Hospital of The Monterey Peninsula,Monterey,2,2.03,49835,0.99,0.17,3.26,No Different,
2014,California,Methicillin-Resistant Staphylococcus aureus Bloodstream Infection (MRSA BSI),050000014,Community Memorial Hospital - San Buenaventura,Ventura,5,3.91,54622,1.28,0.47,2.84,No Different,
2014,California,Methicillin-Resistant Staphylococcus aureus Bloodstream Infection (MRSA BSI),040000101,Community Regional Medical Center,Fresno,25,19.81,199447,1.26,0.84,1.84,No Different,
2014,California,Methicillin-Resistant Staphylococcus aureus Bloodstream Infection (MRSA BSI),140000195,Contra Costa Regional Medical Center,Contra Costa,3,2.16,46946,1.39,0.35,3.77,No Different,
2014,California,Methicillin-Resistant Staphylococcus aureus Bloodstream Infection (MRSA BSI),250000006,Corona Regional Medical Center,Riverside,0,1.4,27506,0,0,2.14,No Different,"Hospitals reported combined data, see Data Dictionary"
2014,California,Methicillin-Resistant Staphylococcus aureus Bloodstream Infection (MRSA BSI),030000117,Dameron Hospital,San Joaquin,3,1.97,37790,1.52,0.39,4.15,No Different,
2014,California,Methicillin-Resistant Staphylococcus aureus Bloodstream Infection (MRSA BSI),120000336,Delano Regional Medical Center,Kern,0,0.54,12686,,,,,
2014,California,Methicillin-Resistant Staphylococcus aureus Bloodstream Infection (MRSA BSI),250000008,Desert Regional Medical Center,Riverside,6,4.2,87599,1.43,0.58,2.97,No Different,
2014,California,Methicillin-Resistant Staphylococcus aureus Bloodstream Infection (MRSA BSI),240001330,Desert Valley Hospital,San Bernardino,1,2.16,32078,0.46,0.02,2.28,No Different,
2014,California,Methicillin-Resistant Staphylococcus aureus Bloodstream Infection (MRSA BSI),030000118,Doctors Hospital of Manteca,San Joaquin,0,0.99,14762,,,,,
2014,California,Methicillin-Resistant Staphylococcus aureus Bloodstream Infection (MRSA BSI),930000188,"Doctors Hospital of West Covina, Inc.",Los Angeles,0,0.01,331,,,,,
2014,California,Methicillin-Resistant Staphylococcus aureus Bloodstream Infection (MRSA BSI),030000122,Doctors Medical Center,Stanislaus,6,11.01,132494,0.55,0.22,1.13,No Different,
2014,California,Methicillin-Resistant Staphylococcus aureus Bloodstream Infection (MRSA BSI),110001204,Doctors Medical Center - San Pablo,Contra Costa,1,1.52,17628,0.66,0.03,3.24,No Different,
2014,California,Methicillin-Resistant Staphylococcus aureus Bloodstream Infection (MRSA BSI),070000139,Dominican Hospital,Santa Cruz,1,2.19,45430,0.46,0.02,2.25,No Different,
2014,California,Methicillin-Resistant Staphylococcus aureus Bloodstream Infection (MRSA BSI),930001709,Earl & Loraine Miller Children's Hospital,Los Angeles,1,2.64,71327,0.38,0.02,1.87,No Different,
2014,California,Methicillin-Resistant Staphylococcus aureus Bloodstream Infection (MRSA BSI),930000053,East Los Angeles Doctors Hospital,Los Angeles,0,0.94,22861,,,,,
2014,California,Methicillin-Resistant Staphylococcus aureus Bloodstream Infection (MRSA BSI),230000004,Eastern Plumas Hospital-Portola Campus,Plumas,0,0.03,823,,,,,
2014,California,Methicillin-Resistant Staphylococcus aureus Bloodstream Infection (MRSA BSI),140000183,Eden Medical Center,Alameda,4,2.13,39839,1.88,0.6,4.53,No Different,
2014,California,Methicillin-Resistant Staphylococcus aureus Bloodstream Infection (MRSA BSI),250000011,Eisenhower Medical Center,Riverside,6,5.84,70887,1.03,0.42,2.14,No Different,
2014,California,Methicillin-Resistant Staphylococcus aureus Bloodstream Infection (MRSA BSI),070001351,El Camino Hospital,Santa Clara,2,3.77,70091,0.53,0.09,1.75,No Different,
2014,California,Methicillin-Resistant Staphylococcus aureus Bloodstream Infection (MRSA BSI),070000136,El Camino Hospital Los Gatos,Santa Clara,0,0.65,15581,,,,,
2014,California,Methicillin-Resistant Staphylococcus aureus Bloodstream Infection (MRSA BSI),090000040,El Centro Regional Medical Center,Imperial,0,1.17,24911,0,0,2.56,No Different,
2014,California,Methicillin-Resistant Staphylococcus aureus Bloodstream Infection (MRSA BSI),030000125,Emanuel Medical Center,Stanislaus,1,2.04,39467,0.49,0.02,2.41,No Different,
2014,California,Methicillin-Resistant Staphylococcus aureus Bloodstream Infection (MRSA BSI),930000054,Encino Hospital Medical Center,Los Angeles,0,0.86,21648,,,,,
2014,California,Methicillin-Resistant Staphylococcus aureus Bloodstream Infection (MRSA BSI),230000013,Enloe Medical Center - Esplanade,Butte,1,3.65,73779,0.27,0.01,1.35,No Different,"Hospitals reported combined data, see Data Dictionary"
2014,California,Methicillin-Resistant Staphylococcus aureus Bloodstream Infection (MRSA BSI),230000019,Fairchild Medical Center,Siskiyou,0,0.29,4715,,,,,
2014,California,Methicillin-Resistant Staphylococcus aureus Bloodstream Infection (MRSA BSI),170001767,Fairview Developmental Center,Orange,0,0.01,294,,,,,
2014,California,Methicillin-Resistant Staphylococcus aureus Bloodstream Infection (MRSA BSI),230000005,Feather River Hospital,Butte,0,0.77,20480,,,,,
2014,California,Methicillin-Resistant Staphylococcus aureus Bloodstream Infection (MRSA BSI),930000056,Foothill Presbyterian Hospital-Johnston Memorial,Los Angeles,0,1.16,20462,0,0,2.59,No Different,
2014,California,Methicillin-Resistant Staphylococcus aureus Bloodstream Infection (MRSA BSI),060000011,Fountain Valley Regional Hospital & Medical Center,Orange,1,5,94333,0.2,0.01,0.99,Lower,"Hospitals reported combined data, see Data Dictionary"
2014,California,Methicillin-Resistant Staphylococcus aureus Bloodstream Infection (MRSA BSI),110000008,Frank R. Howard Memorial Hospital,Mendocino,0,0.2,5707,,,,,
2014,California,Methicillin-Resistant Staphylococcus aureus Bloodstream Infection (MRSA BSI),050000016,French Hospital Medical Center,San Luis Obispo,0,0.91,15500,,,,,
2014,California,Methicillin-Resistant Staphylococcus aureus Bloodstream Infection (MRSA BSI),040001397,Fresno Heart and Surgical Hospital,Fresno,0,0.43,11974,,,,,
2014,California,Methicillin-Resistant Staphylococcus aureus Bloodstream Infection (MRSA BSI),040000254,Fresno Surgical Hospital,Fresno,0,0.14,3845,,,,,
2014,California,Methicillin-Resistant Staphylococcus aureus Bloodstream Infection (MRSA BSI),060000058,Garden Grove Hospital and Medical Center,Orange,3,1.23,21551,2.44,0.62,6.65,No Different,
2014,California,Methicillin-Resistant Staphylococcus aureus Bloodstream Infection (MRSA BSI),930000032,Gardens Regional Hospital and Medical Center,Los Angeles,0,0.95,18283,,,,,
2014,California,Methicillin-Resistant Staphylococcus aureus Bloodstream Infection (MRSA BSI),930000058,Garfield Medical Center,Los Angeles,2,3.32,67533,0.6,0.1,1.99,No Different,
2014,California,Methicillin-Resistant Staphylococcus aureus Bloodstream Infection (MRSA BSI),070000141,George L. Mee Memorial Hospital,Monterey,0,0.84,23458,,,,,
2014,California,Methicillin-Resistant Staphylococcus aureus Bloodstream Infection (MRSA BSI),930000059,Glendale Adventist Medical Center,Los Angeles,2,7.19,101216,0.28,0.05,0.92,Lower,
2014,California,Methicillin-Resistant Staphylococcus aureus Bloodstream Infection (MRSA BSI),930000093,Glendale Memorial Hospital and Health Center,Los Angeles,1,5.62,55677,0.18,0.01,0.88,Lower,
2014,California,Methicillin-Resistant Staphylococcus aureus Bloodstream Infection (MRSA BSI),930000060,Glendora Community Hospital,Los Angeles,0,0.76,9564,,,,,
2014,California,Methicillin-Resistant Staphylococcus aureus Bloodstream Infection (MRSA BSI),230000006,Glenn Medical Center,Glenn,0,0.05,1337,,,,,
2014,California,Methicillin-Resistant Staphylococcus aureus Bloodstream Infection (MRSA BSI),050000017,Goleta Valley Cottage Hospital,Santa Barbara,0,0.5,14032,,,,,
2014,California,Methicillin-Resistant Staphylococcus aureus Bloodstream Infection (MRSA BSI),120000319,"Good Samaritan Hospital, Bakersfield",Kern,0,0.13,3508,,,,,
2014,California,Methicillin-Resistant Staphylococcus aureus Bloodstream Infection (MRSA BSI),930000068,"Good Samaritan Hospital, Los Angeles",Los Angeles,2,3.41,64846,0.59,0.1,1.94,No Different,
2014,California,Methicillin-Resistant Staphylococcus aureus Bloodstream Infection (MRSA BSI),070000153,"Good Samaritan Hospital, San Jose",Santa Clara,2,5.54,87494,0.36,0.06,1.19,No Different,"Hospitals reported combined data, see Data Dictionary"
2014,California,Methicillin-Resistant Staphylococcus aureus Bloodstream Infection (MRSA BSI),930000062,Greater El Monte Community Hospital,Los Angeles,1,0.51,13205,,,,,
2014,California,Methicillin-Resistant Staphylococcus aureus Bloodstream Infection (MRSA BSI),080000045,Grossmont Hospital,San Diego,4,8.59,125510,0.47,0.15,1.12,No Different,
2014,California,Methicillin-Resistant Staphylococcus aureus Bloodstream Infection (MRSA BSI),070000142,Hazel Hawkins Memorial Hospital,San Benito,0,0.32,7973,,,,,
2014,California,Methicillin-Resistant Staphylococcus aureus Bloodstream Infection (MRSA BSI),110000009,Healdsburg District Hospital,Sonoma,0,0.16,4345,,,,,
2014,California,Methicillin-Resistant Staphylococcus aureus Bloodstream Infection (MRSA BSI),060001674,Healthbridge Children's Hospital - Orange,Orange,0,0.06,1783,,,,,
2014,California,Methicillin-Resistant Staphylococcus aureus Bloodstream Infection (MRSA BSI),250000012,Hemet Valley Medical Center,Riverside,8,3.01,43228,2.66,1.24,5.05,Higher,
2014,California,Methicillin-Resistant Staphylococcus aureus Bloodstream Infection (MRSA BSI),930000063,Henry Mayo Newhall Hospital,Los Angeles,2,2.61,58670,0.77,0.13,2.54,No Different,
2014,California,Methicillin-Resistant Staphylococcus aureus Bloodstream Infection (MRSA BSI),240000014,Hi-Desert Medical Center,San Bernardino,0,0.54,9401,,,,,
2014,California,Methicillin-Resistant Staphylococcus aureus Bloodstream Infection (MRSA BSI),140000034,Highland Hospital,Alameda,0,4.11,54190,0,0,0.73,Lower,"Hospitals reported combined data, see Data Dictionary"
2014,California,Methicillin-Resistant Staphylococcus aureus Bloodstream Infection (MRSA BSI),060001022,Hoag Hospital Irvine,Orange,0,0.67,13596,,,,,
2014,California,Methicillin-Resistant Staphylococcus aureus Bloodstream Infection (MRSA BSI),060000014,Hoag Memorial Hospital Presbyterian,Orange,2,7.09,108881,0.28,0.05,0.93,Lower,
2014,California,Methicillin-Resistant Staphylococcus aureus Bloodstream Infection (MRSA BSI),630012891,Hoag Orthopedic Institute,Orange,0,0.37,10200,,,,,
2014,California,Methicillin-Resistant Staphylococcus aureus Bloodstream Infection (MRSA BSI),930000065,Hollywood Presbyterian Medical Center,Los Angeles,3,4.8,65578,0.63,0.16,1.7,No Different,
2014,California,Methicillin-Resistant Staphylococcus aureus Bloodstream Infection (MRSA BSI),060000015,Huntington Beach Hospital,Orange,4,1.04,18342,3.86,1.23,9.32,Higher,
2014,California,Methicillin-Resistant Staphylococcus aureus Bloodstream Infection (MRSA BSI),930000026,Huntington Memorial Hospital,Los Angeles,2,7.55,120553,0.27,0.04,0.88,Lower,
2014,California,Methicillin-Resistant Staphylococcus aureus Bloodstream Infection (MRSA BSI),110000057,Jerold Phelps Community Hospital,Humboldt,0,0,53,,,,,
2014,California,Methicillin-Resistant Staphylococcus aureus Bloodstream Infection (MRSA BSI),040000105,John C. Fremont Healthcare District,Mariposa,0,0.31,8756,,,,,
2014,California,Methicillin-Resistant Staphylococcus aureus Bloodstream Infection (MRSA BSI),250000017,John F. Kennedy Memorial Hospital,Riverside,0,1.41,25426,0,0,2.13,No Different,
2014,California,Methicillin-Resistant Staphylococcus aureus Bloodstream Infection (MRSA BSI),140000196,John Muir Medical Center-Concord Campus,Contra Costa,3,2.9,43691,1.03,0.26,2.81,No Different,
2014,California,Methicillin-Resistant Staphylococcus aureus Bloodstream Infection (MRSA BSI),140000187,John Muir Medical Center-Walnut Creek Campus,Contra Costa,4,5.28,87766,0.76,0.24,1.83,No Different,
2014,California,Methicillin-Resistant Staphylococcus aureus Bloodstream Infection (MRSA BSI),110000011,"Kaiser Foundation Hospital and Rehab Center, Vallejo",Solano,0,2.27,52426,0,0,1.32,No Different,
2014,California,Methicillin-Resistant Staphylococcus aureus Bloodstream Infection (MRSA BSI),630011203,"Kaiser Foundation Hospital, Antioch",Contra Costa,0,1.25,29771,0,0,2.4,No Different,
2014,California,Methicillin-Resistant Staphylococcus aureus Bloodstream Infection (MRSA BSI),930001543,"Kaiser Foundation Hospital, Baldwin Park",Los Angeles,2,1.88,47763,1.06,0.18,3.51,No Different,
2014,California,Methicillin-Resistant Staphylococcus aureus Bloodstream Infection (MRSA BSI),930000074,"Kaiser Foundation Hospital, Downey",Los Angeles,2,3.84,88415,0.52,0.09,1.72,No Different,
2014,California,Methicillin-Resistant Staphylococcus aureus Bloodstream Infection (MRSA BSI),240000024,"Kaiser Foundation Hospital, Fontana",San Bernardino,2,3.15,84804,0.64,0.11,2.1,No Different,
2014,California,Methicillin-Resistant Staphylococcus aureus Bloodstream Infection (MRSA BSI),140001086,"Kaiser Foundation Hospital, Fremont",Alameda,1,1.6,32979,0.63,0.03,3.09,No Different,
2014,California,Methicillin-Resistant Staphylococcus aureus Bloodstream Infection (MRSA BSI),040000949,"Kaiser Foundation Hospital, Fresno",Fresno,0,1.29,25820,0,0,2.32,No Different,
2014,California,Methicillin-Resistant Staphylococcus aureus Bloodstream Infection (MRSA BSI),930000072,"Kaiser Foundation Hospital, Los Angeles",Los Angeles,3,8.86,112349,0.34,0.09,0.92,Lower,
2014,California,Methicillin-Resistant Staphylococcus aureus Bloodstream Infection (MRSA BSI),030000973,"Kaiser Foundation Hospital, Manteca",Stanislaus,2,1.79,38692,1.12,0.19,3.69,No Different,"Hospitals reported combined data, see Data Dictionary"
2014,California,Methicillin-Resistant Staphylococcus aureus Bloodstream Infection (MRSA BSI),630011959,"Kaiser Foundation Hospital, Moreno Valley",Riverside,1,0.76,17083,,,,,
2014,California,Methicillin-Resistant Staphylococcus aureus Bloodstream Infection (MRSA BSI),140000188,"Kaiser Foundation Hospital, Oakland/Richmond",Alameda,2,3.11,72958,0.64,0.11,2.13,No Different,"Hospitals reported combined data, see Data Dictionary"
2014,California,Methicillin-Resistant Staphylococcus aureus Bloodstream Infection (MRSA BSI),630013398,"Kaiser Foundation Hospital, Ontario",San Bernardino,1,1.51,39252,0.66,0.03,3.26,No Different,
2014,California,Methicillin-Resistant Staphylococcus aureus Bloodstream Infection (MRSA BSI),630013929,"Kaiser Foundation Hospital, Orange County, Anaheim",Orange,1,2.89,63912,0.35,0.02,1.71,No Different,
2014,California,Methicillin-Resistant Staphylococcus aureus Bloodstream Infection (MRSA BSI),630011745,"Kaiser Foundation Hospital, Orange County, Irvine",Orange,0,1.94,51899,0,0,1.54,No Different,
2014,California,Methicillin-Resistant Staphylococcus aureus Bloodstream Infection (MRSA BSI),930000050,"Kaiser Foundation Hospital, Panorama City",Los Angeles,1,1.7,41631,0.59,0.03,2.9,No Different,
2014,California,Methicillin-Resistant Staphylococcus aureus Bloodstream Infection (MRSA BSI),220000010,"Kaiser Foundation Hospital, Redwood City",San Mateo,0,2.1,38765,0,0,1.43,No Different,
2014,California,Methicillin-Resistant Staphylococcus aureus Bloodstream Infection (MRSA BSI),250000707,"Kaiser Foundation Hospital, Riverside",Riverside,6,2.51,56869,2.39,0.97,4.98,No Different,
2014,California,Methicillin-Resistant Staphylococcus aureus Bloodstream Infection (MRSA BSI),030001370,"Kaiser Foundation Hospital, Roseville",Placer,2,3.59,84157,0.56,0.09,1.84,No Different,
2014,California,Methicillin-Resistant Staphylococcus aureus Bloodstream Infection (MRSA BSI),030000130,"Kaiser Foundation Hospital, Sacramento",Sacramento,2,2.13,42295,0.94,0.16,3.1,No Different,
2014,California,Methicillin-Resistant Staphylococcus aureus Bloodstream Infection (MRSA BSI),080000144,"Kaiser Foundation Hospital, San Diego",San Diego,2,5.88,98308,0.34,0.06,1.12,No Different,
2014,California,Methicillin-Resistant Staphylococcus aureus Bloodstream Infection (MRSA BSI),220000008,"Kaiser Foundation Hospital, San Francisco",San Francisco,1,3.29,62680,0.3,0.02,1.5,No Different,
2014,California,Methicillin-Resistant Staphylococcus aureus Bloodstream Infection (MRSA BSI),110000056,Sonoma Valley Hospital,Sonoma,0,0.15,4254,,,,,
2014,California,Methicillin-Resistant Staphylococcus aureus Bloodstream Infection (MRSA BSI),070000150,"Kaiser Foundation Hospital, San Jose",Santa Clara,3,2.17,49197,1.39,0.35,3.77,No Different,
2014,California,Methicillin-Resistant Staphylococcus aureus Bloodstream Infection (MRSA BSI),110000944,"Kaiser Foundation Hospital, San Rafael",Marin,0,0.9,21511,,,,,
2014,California,Methicillin-Resistant Staphylococcus aureus Bloodstream Infection (MRSA BSI),070001355,"Kaiser Foundation Hospital, Santa Clara",Santa Clara,3,3.44,83616,0.87,0.22,2.38,No Different,
2014,California,Methicillin-Resistant Staphylococcus aureus Bloodstream Infection (MRSA BSI),110000508,"Kaiser Foundation Hospital, Santa Rosa",Sonoma,0,1.46,35404,0,0,2.05,No Different,
2014,California,Methicillin-Resistant Staphylococcus aureus Bloodstream Infection (MRSA BSI),930000071,"Kaiser Foundation Hospital, South Bay",Los Angeles,2,2,48068,1,0.17,3.31,No Different,
2014,California,Methicillin-Resistant Staphylococcus aureus Bloodstream Infection (MRSA BSI),030000133,"Kaiser Foundation Hospital, South Sacramento",Sacramento,1,2.3,55688,0.44,0.02,2.14,No Different,
2014,California,Methicillin-Resistant Staphylococcus aureus Bloodstream Infection (MRSA BSI),220000009,"Kaiser Foundation Hospital, South San Francisco",San Mateo,0,1.23,22535,0,0,2.43,No Different,
2014,California,Methicillin-Resistant Staphylococcus aureus Bloodstream Infection (MRSA BSI),630012364,"Kaiser Foundation Hospital, Vacaville",Solano,0,1.07,23236,0,0,2.8,No Different,
2014,California,Methicillin-Resistant Staphylococcus aureus Bloodstream Infection (MRSA BSI),140000190,"Kaiser Foundation Hospital, Walnut Creek",Contra Costa,0,2.96,59037,0,0,1.01,No Different,
2014,California,Methicillin-Resistant Staphylococcus aureus Bloodstream Infection (MRSA BSI),930000076,"Kaiser Foundation Hospital, West LA",Los Angeles,1,2.03,45416,0.49,0.03,2.43,No Different,
2014,California,Methicillin-Resistant Staphylococcus aureus Bloodstream Infection (MRSA BSI),930000290,"Kaiser Foundation Hospital, Woodland Hills",Los Angeles,2,1.94,44647,1.03,0.17,3.4,No Different,
2014,California,Methicillin-Resistant Staphylococcus aureus Bloodstream Infection (MRSA BSI),120001444,Kaweah Delta Medical Center,Tulare,12,5.99,119599,2.01,1.09,3.41,Higher,
2014,California,Methicillin-Resistant Staphylococcus aureus Bloodstream Infection (MRSA BSI),930000912,Keck Hospital of USC,Los Angeles,5,5.37,89462,0.93,0.34,2.07,No Different,
2014,California,Methicillin-Resistant Staphylococcus aureus Bloodstream Infection (MRSA BSI),120000342,Kern Medical Center,Kern,5,3.16,52087,1.58,0.58,3.51,No Different,
2014,California,Methicillin-Resistant Staphylococcus aureus Bloodstream Infection (MRSA BSI),120000344,Kern Valley Healthcare District,Kern,0,0.24,3114,,,,,
2014,California,Methicillin-Resistant Staphylococcus aureus Bloodstream Infection (MRSA BSI),060000040,LAC+USC Medical Center,Los Angeles,19,15.79,168604,1.2,0.75,1.84,No Different,
2014,California,Methicillin-Resistant Staphylococcus aureus Bloodstream Infection (MRSA BSI),060000027,LAC/Harbor-UCLA Medical Center,Los Angeles,5,9.43,101935,0.53,0.19,1.18,No Different,
2014,California,Methicillin-Resistant Staphylococcus aureus Bloodstream Infection (MRSA BSI),060000028,LAC/Rancho Los Amigos National Rehabilitation Ctr,Los Angeles,0,1.96,54844,0,0,1.53,No Different,
2014,California,Methicillin-Resistant Staphylococcus aureus Bloodstream Infection (MRSA BSI),060000024,La Palma Intercommunity Hospital,Orange,4,1.17,19026,3.41,1.09,8.24,Higher,
2014,California,Methicillin-Resistant Staphylococcus aureus Bloodstream Infection (MRSA BSI),220000012,Laguna Honda Hospital & Rehabilitation Center,San Francisco,0,0.02,674,,,,,
2014,California,Methicillin-Resistant Staphylococcus aureus Bloodstream Infection (MRSA BSI),930000047,Lakewood Regional Medical Center,Los Angeles,7,2.41,39540,2.91,1.27,5.76,Higher,
2014,California,Methicillin-Resistant Staphylococcus aureus Bloodstream Infection (MRSA BSI),030000139,Lodi Memorial Hospital,San Joaquin,2,1.52,32636,1.32,0.22,4.35,No Different,"Hospitals reported combined data, see Data Dictionary"
2014,California,Methicillin-Resistant Staphylococcus aureus Bloodstream Infection (MRSA BSI),240000027,Loma Linda University Medical Center,San Bernardino,28,16.23,197870,1.73,1.17,2.46,Higher,"Hospitals reported combined data, see Data Dictionary"
2014,California,Methicillin-Resistant Staphylococcus aureus Bloodstream Infection (MRSA BSI),630012971,Loma Linda University Medical Center - Murrieta,Riverside,1,1.95,31814,0.51,0.03,2.52,No Different,
2014,California,Methicillin-Resistant Staphylococcus aureus Bloodstream Infection (MRSA BSI),050000018,Lompoc Valley Medical Center,Santa Barbara,0,0.36,8929,,,,,
2014,California,Methicillin-Resistant Staphylococcus aureus Bloodstream Infection (MRSA BSI),930000095,Long Beach Memorial Medical Center,Los Angeles,5,7.58,98732,0.66,0.24,1.46,No Different,
2014,California,Methicillin-Resistant Staphylococcus aureus Bloodstream Infection (MRSA BSI),060000025,Los Alamitos Medical Center,Orange,2,2.3,45338,0.87,0.15,2.88,No Different,
2014,California,Methicillin-Resistant Staphylococcus aureus Bloodstream Infection (MRSA BSI),930000085,Los Angeles Community Hospital,Los Angeles,15,3.27,46300,4.59,2.67,7.4,Higher,"Hospitals reported combined data, see Data Dictionary"
2014,California,Methicillin-Resistant Staphylococcus aureus Bloodstream Infection (MRSA BSI),060000038,Los Angeles County Olive View-UCLA Medical Center,Los Angeles,1,4.26,68396,0.24,0.01,1.16,No Different,
2014,California,Methicillin-Resistant Staphylococcus aureus Bloodstream Infection (MRSA BSI),050000020,Los Robles Hospital & Medical Center,Ventura,3,3.99,89496,0.75,0.19,2.05,No Different,"Hospitals reported combined data, see Data Dictionary"
2014,California,Methicillin-Resistant Staphylococcus aureus Bloodstream Infection (MRSA BSI),070001349,Lucile Salter Packard Children's Hospital at Stanford,Santa Clara,3,5.17,102548,0.58,0.15,1.58,No Different,
2014,California,Methicillin-Resistant Staphylococcus aureus Bloodstream Infection (MRSA BSI),110000021,Mad River Community Hospital,Humboldt,0,0.42,10651,,,,,
2014,California,Methicillin-Resistant Staphylococcus aureus Bloodstream Infection (MRSA BSI),040000111,Madera Community Hospital,Madera,0,0.84,20070,,,,,
2014,California,Methicillin-Resistant Staphylococcus aureus Bloodstream Infection (MRSA BSI),240000005,Mammoth Hospital,Mono,0,0.05,1366,,,,,
2014,California,Methicillin-Resistant Staphylococcus aureus Bloodstream Infection (MRSA BSI),050000021,Marian Regional Medical Center,Santa Barbara,0,2.07,39600,0,0,1.45,No Different,
2014,California,Methicillin-Resistant Staphylococcus aureus Bloodstream Infection (MRSA BSI),050000009,"Marian Regional Medical Center, Arroyo Grande",San Luis Obispo,1,0.84,8891,,,,,
2014,California,Methicillin-Resistant Staphylococcus aureus Bloodstream Infection (MRSA BSI),110000953,Marin General Hospital,Marin,4,2.05,42894,1.95,0.62,4.7,No Different,
2014,California,Methicillin-Resistant Staphylococcus aureus Bloodstream Infection (MRSA BSI),930000044,Marina Del Rey Hospital,Los Angeles,1,0.8,14961,,,,,
2014,California,Methicillin-Resistant Staphylococcus aureus Bloodstream Infection (MRSA BSI),030000120,Mark Twain Medical Center,Calaveras,0,0.16,4396,,,,,
2014,California,Methicillin-Resistant Staphylococcus aureus Bloodstream Infection (MRSA BSI),030000121,Marshall Medical Center,El Dorado,1,1.37,20708,0.73,0.04,3.61,No Different,
2014,California,Methicillin-Resistant Staphylococcus aureus Bloodstream Infection (MRSA BSI),230000009,Mayers Memorial Hospital,Shasta,0,0.06,1780,,,,,
2014,California,Methicillin-Resistant Staphylococcus aureus Bloodstream Infection (MRSA BSI),040000110,Memorial Hospital Los Banos,Merced,0,0.26,5062,,,,,
2014,California,Methicillin-Resistant Staphylococcus aureus Bloodstream Infection (MRSA BSI),930000092,Memorial Hospital of Gardena,Los Angeles,,,,,,,,"Incomplete Reporter, see Data Dictionary"
2014,California,Methicillin-Resistant Staphylococcus aureus Bloodstream Infection (MRSA BSI),030000123,Memorial Medical Center,Stanislaus,2,6.22,88639,0.32,0.05,1.06,No Different,
2014,California,Methicillin-Resistant Staphylococcus aureus Bloodstream Infection (MRSA BSI),110000023,Mendocino Coast District Hospital,Mendocino,0,0.32,4704,,,,,
2014,California,Methicillin-Resistant Staphylococcus aureus Bloodstream Infection (MRSA BSI),250000727,Menifee Valley Medical Center,Riverside,1,1.23,11546,0.81,0.04,4.01,No Different,
2014,California,Methicillin-Resistant Staphylococcus aureus Bloodstream Infection (MRSA BSI),220000716,Menlo Park Surgical Hospital,San Mateo,0,0.01,241,,,,,
2014,California,Methicillin-Resistant Staphylococcus aureus Bloodstream Infection (MRSA BSI),030000124,Mercy General Hospital,Sacramento,2,3.03,74100,0.66,0.11,2.18,No Different,
2014,California,Methicillin-Resistant Staphylococcus aureus Bloodstream Infection (MRSA BSI),120000404,Mercy Hospital,Kern,0,0.91,11337,,,,,¶ See Data Dictionary
2014,California,Methicillin-Resistant Staphylococcus aureus Bloodstream Infection (MRSA BSI),030000901,Mercy Hospital of Folsom,Sacramento,1,1,23030,,,,,
2014,California,Methicillin-Resistant Staphylococcus aureus Bloodstream Infection (MRSA BSI),040000113,Mercy Medical Center,Merced,1,2.64,45249,0.38,0.02,1.87,No Different,
2014,California,Methicillin-Resistant Staphylococcus aureus Bloodstream Infection (MRSA BSI),230000012,Mercy Medical Center Mt. Shasta,Siskiyou,0,0.1,2715,,,,,
2014,California,Methicillin-Resistant Staphylococcus aureus Bloodstream Infection (MRSA BSI),230000010,Mercy Medical Center Redding,Shasta,4,3.11,58657,1.29,0.41,3.11,No Different,
2014,California,Methicillin-Resistant Staphylococcus aureus Bloodstream Infection (MRSA BSI),030000127,Mercy San Juan Medical Center,Sacramento,4,8.97,104859,0.45,0.14,1.08,No Different,
2014,California,Methicillin-Resistant Staphylococcus aureus Bloodstream Infection (MRSA BSI),120000701,Mercy Southwest Hospital,Kern,0,1.11,26345,0,0,2.69,No Different,
2014,California,Methicillin-Resistant Staphylococcus aureus Bloodstream Infection (MRSA BSI),030000037,Methodist Hospital of Sacramento,Sacramento,2,2.8,42636,0.72,0.12,2.36,No Different,
2014,California,Methicillin-Resistant Staphylococcus aureus Bloodstream Infection (MRSA BSI),930000096,Methodist Hospital of Southern California,Los Angeles,4,4.5,84859,0.89,0.28,2.14,No Different,
2014,California,Methicillin-Resistant Staphylococcus aureus Bloodstream Infection (MRSA BSI),220000017,Mills-Peninsula Medical Center,San Mateo,0,2.24,49627,0,0,1.34,No Different,
2014,California,Methicillin-Resistant Staphylococcus aureus Bloodstream Infection (MRSA BSI),930000158,Miracle Mile Medical Center,Los Angeles,0,0.03,713,,,,,
2014,California,Methicillin-Resistant Staphylococcus aureus Bloodstream Infection (MRSA BSI),930000027,Mission Community Hospital,Los Angeles,,,,,,,,"Incomplete Reporter, see Data Dictionary"
2014,California,Methicillin-Resistant Staphylococcus aureus Bloodstream Infection (MRSA BSI),060000066,Mission Hospital Laguna Beach,Orange,0,0.77,18898,,,,,
2014,California,Methicillin-Resistant Staphylococcus aureus Bloodstream Infection (MRSA BSI),060000060,Mission Hospital Regional Medical Center,Orange,1,2.82,70497,0.35,0.02,1.75,No Different,
2014,California,Methicillin-Resistant Staphylococcus aureus Bloodstream Infection (MRSA BSI),230000011,Modoc Medical Center,Modoc,0,0.01,409,,,,,
2014,California,Methicillin-Resistant Staphylococcus aureus Bloodstream Infection (MRSA BSI),240000009,Montclair Hospital Medical Center,San Bernardino,0,0.96,13380,,,,,
2014,California,Methicillin-Resistant Staphylococcus aureus Bloodstream Infection (MRSA BSI),930000108,Monterey Park Hospital,Los Angeles,0,0.72,16574,,,,,
2014,California,Methicillin-Resistant Staphylococcus aureus Bloodstream Infection (MRSA BSI),930000109,Motion Picture & Television Hospital,Los Angeles,0,0,80,,,,,
2014,California,Methicillin-Resistant Staphylococcus aureus Bloodstream Infection (MRSA BSI),240000052,Mountains Community Hospital,San Bernardino,,,,,,,,"Incomplete Reporter, see Data Dictionary"
2014,California,Methicillin-Resistant Staphylococcus aureus Bloodstream Infection (MRSA BSI),070000145,Natividad Medical Center,Monterey,0,1.55,38376,0,0,1.93,No Different,
2014,California,Methicillin-Resistant Staphylococcus aureus Bloodstream Infection (MRSA BSI),110000010,Northbay Medical Center,Solano,0,1.35,32385,0,0,2.22,No Different,
2014,California,Methicillin-Resistant Staphylococcus aureus Bloodstream Infection (MRSA BSI),110000378,Northbay Vacavalley Hospital,Solano,0,0.44,10912,,,,,
2014,California,Methicillin-Resistant Staphylococcus aureus Bloodstream Infection (MRSA BSI),240000037,Northern Inyo Hospital,Inyo,0,0.25,3785,,,,,
2014,California,Methicillin-Resistant Staphylococcus aureus Bloodstream Infection (MRSA BSI),930000111,Northridge Hospital Medical Center,Los Angeles,2,4.22,62882,0.47,0.08,1.56,No Different,
2014,California,Methicillin-Resistant Staphylococcus aureus Bloodstream Infection (MRSA BSI),110000982,Novato Community Hospital,Marin,0,0.17,4622,,,,,
2014,California,Methicillin-Resistant Staphylococcus aureus Bloodstream Infection (MRSA BSI),070000146,O'Connor Hospital,Santa Clara,4,2.8,41440,1.43,0.45,3.45,No Different,
2014,California,Methicillin-Resistant Staphylococcus aureus Bloodstream Infection (MRSA BSI),030000131,Oak Valley Hospital District   (2-Rh),Stanislaus,0,0.12,3423,,,,,
2014,California,Methicillin-Resistant Staphylococcus aureus Bloodstream Infection (MRSA BSI),050000023,Ojai Valley Community Hospital,Ventura,0,0.15,2642,,,,,
2014,California,Methicillin-Resistant Staphylococcus aureus Bloodstream Infection (MRSA BSI),930000105,Olympia Medical Center,Los Angeles,2,2.49,30420,0.8,0.14,2.66,No Different,
2014,California,Methicillin-Resistant Staphylococcus aureus Bloodstream Infection (MRSA BSI),060000208,Orange Coast Memorial Medical Center,Orange,0,2.1,46308,0,0,1.43,No Different,
2014,California,Methicillin-Resistant Staphylococcus aureus Bloodstream Infection (MRSA BSI),230000014,Oroville Hospital,Butte,1,1.86,40857,0.54,0.03,2.66,No Different,
2014,California,Methicillin-Resistant Staphylococcus aureus Bloodstream Infection (MRSA BSI),930000052,PIH Hospital - Downey,Los Angeles,3,1.8,32479,1.66,0.42,4.53,No Different,
2014,California,Methicillin-Resistant Staphylococcus aureus Bloodstream Infection (MRSA BSI),930000057,Pacific Alliance Medical Center,Los Angeles,0,1.26,31095,0,0,2.37,No Different,
2014,California,Methicillin-Resistant Staphylococcus aureus Bloodstream Infection (MRSA BSI),930000133,Pacifica Hospital of the Valley,Los Angeles,0,1.06,26500,0,0,2.84,No Different,
2014,California,Methicillin-Resistant Staphylococcus aureus Bloodstream Infection (MRSA BSI),930000077,Palmdale Regional Medical Center,Los Angeles,0,1.38,36471,0,0,2.17,No Different,
2014,California,Methicillin-Resistant Staphylococcus aureus Bloodstream Infection (MRSA BSI),250000042,Palo Verde Hospital,Riverside,0,0.24,4074,,,,,
2014,California,Methicillin-Resistant Staphylococcus aureus Bloodstream Infection (MRSA BSI),080000142,Palomar Health Downtown Campus,San Diego,1,1,28006,1,0.05,4.92,No Different,
2014,California,Methicillin-Resistant Staphylococcus aureus Bloodstream Infection (MRSA BSI),630013873,Palomar Medical Center,San Diego,4,4.05,82562,0.99,0.31,2.39,No Different,
2014,California,Methicillin-Resistant Staphylococcus aureus Bloodstream Infection (MRSA BSI),090000145,Paradise Valley Hospital,San Diego,2,2.64,60673,0.76,0.13,2.5,No Different,
2014,California,Methicillin-Resistant Staphylococcus aureus Bloodstream Infection (MRSA BSI),250000044,Parkview Community Hospital Medical Center,Riverside,2,2.72,44004,0.73,0.12,2.43,No Different,
2014,California,Methicillin-Resistant Staphylococcus aureus Bloodstream Infection (MRSA BSI),230000444,Patients' Hospital of Redding,Shasta,0,0.03,728,,,,,
2014,California,Methicillin-Resistant Staphylococcus aureus Bloodstream Infection (MRSA BSI),110000040,Petaluma Valley Hospital,Sonoma,3,0.68,9418,4.41,0.91,12.89,No Different,¥ See Data Dictionary
2014,California,Methicillin-Resistant Staphylococcus aureus Bloodstream Infection (MRSA BSI),090000146,Pioneers Memorial Healthcare District,Imperial,0,0.74,18780,,,,,
2014,California,Methicillin-Resistant Staphylococcus aureus Bloodstream Infection (MRSA BSI),060000062,Placentia Linda Hospital,Orange,1,0.97,14515,,,,,
2014,California,Methicillin-Resistant Staphylococcus aureus Bloodstream Infection (MRSA BSI),230000015,Plumas District Hospital,Plumas,0,0.04,1070,,,,,
2014,California,Methicillin-Resistant Staphylococcus aureus Bloodstream Infection (MRSA BSI),080000147,Pomerado Hospital,San Diego,2,1.37,29408,1.46,0.24,4.81,No Different,
2014,California,Methicillin-Resistant Staphylococcus aureus Bloodstream Infection (MRSA BSI),930000123,Pomona Valley Hospital Medical Center,Los Angeles,10,5.1,104812,1.96,1,3.49,No Different,
2014,California,Methicillin-Resistant Staphylococcus aureus Bloodstream Infection (MRSA BSI),170001874,Porterville Developmental Center,Tulare,0,0.04,1182,,,,,
2014,California,Methicillin-Resistant Staphylococcus aureus Bloodstream Infection (MRSA BSI),930000099,Presbyterian Intercommunity Hospital,Los Angeles,1,3.8,78646,0.26,0.01,1.3,No Different,
2014,California,Methicillin-Resistant Staphylococcus aureus Bloodstream Infection (MRSA BSI),930000066,Providence Holy Cross Medical Center,Los Angeles,3,3.89,84172,0.77,0.2,2.1,No Different,
2014,California,Methicillin-Resistant Staphylococcus aureus Bloodstream Infection (MRSA BSI),930000157,Providence Little Company of Mary Medical Center San Pedro,Los Angeles,0,1.21,28287,0,0,2.49,No Different,
2014,California,Methicillin-Resistant Staphylococcus aureus Bloodstream Infection (MRSA BSI),930000081,Providence Little Company of Mary Medical Center Torrance,Los Angeles,1,3.3,69861,0.3,0.02,1.5,No Different,
2014,California,Methicillin-Resistant Staphylococcus aureus Bloodstream Infection (MRSA BSI),930000100,Providence Saint John's Health Center,Los Angeles,2,2.73,56772,0.73,0.12,2.42,No Different,
2014,California,Methicillin-Resistant Staphylococcus aureus Bloodstream Infection (MRSA BSI),930000101,Providence Saint Joseph Medical Center,Los Angeles,3,2.89,76263,1.04,0.26,2.83,No Different,
2014,California,Methicillin-Resistant Staphylococcus aureus Bloodstream Infection (MRSA BSI),930000091,Providence Tarzana Medical Center,Los Angeles,2,2.29,58876,0.87,0.15,2.89,No Different,
2014,California,Methicillin-Resistant Staphylococcus aureus Bloodstream Infection (MRSA BSI),110000041,Queen of the Valley Medical Center,Napa,2,1.61,32343,1.24,0.21,4.1,No Different,
2014,California,Methicillin-Resistant Staphylococcus aureus Bloodstream Infection (MRSA BSI),080000023,Rady Children's Hospital - San Diego,San Diego,4,4.48,85331,0.89,0.28,2.15,No Different,
2014,California,Methicillin-Resistant Staphylococcus aureus Bloodstream Infection (MRSA BSI),240000046,Redlands Community Hospital,San Bernardino,3,2.59,49180,1.16,0.29,3.15,No Different,
2014,California,Methicillin-Resistant Staphylococcus aureus Bloodstream Infection (MRSA BSI),110000045,Redwood Memorial Hospital,Humboldt,0,0.45,5515,,,,,
2014,California,Methicillin-Resistant Staphylococcus aureus Bloodstream Infection (MRSA BSI),070000133,Regional Medical Center of San Jose,Santa Clara,4,3.11,60167,1.29,0.41,3.11,No Different,
2014,California,Methicillin-Resistant Staphylococcus aureus Bloodstream Infection (MRSA BSI),230000261,Rideout Memorial Hospital,Sutter,3,2.57,52141,1.17,0.3,3.17,No Different,"Hospitals reported combined data, see Data Dictionary"
2014,California,Methicillin-Resistant Staphylococcus aureus Bloodstream Infection (MRSA BSI),120000409,Ridgecrest Regional Hospital,Kern,0,0.26,7212,,,,,
2014,California,Methicillin-Resistant Staphylococcus aureus Bloodstream Infection (MRSA BSI),250000049,Riverside Community Hospital,Riverside,6,5.61,101990,1.07,0.43,2.23,No Different,
2014,California,Methicillin-Resistant Staphylococcus aureus Bloodstream Infection (MRSA BSI),250000050,Riverside County Regional Medical Center,Riverside,9,6.8,81216,1.32,0.65,2.43,No Different,
2014,California,Methicillin-Resistant Staphylococcus aureus Bloodstream Infection (MRSA BSI),930000162,Ronald Reagan UCLA Medical Center,Los Angeles,12,13.3,150419,0.9,0.49,1.53,No Different,
2014,California,Methicillin-Resistant Staphylococcus aureus Bloodstream Infection (MRSA BSI),060000063,Saddleback Memorial Medical Center,Orange,1,2.59,52816,0.39,0.02,1.9,No Different,"Hospitals reported combined data, see Data Dictionary"
2014,California,Methicillin-Resistant Staphylococcus aureus Bloodstream Infection (MRSA BSI),040000126,Saint Agnes Medical Center,Fresno,6,3.89,89412,1.54,0.63,3.21,No Different,
2014,California,Methicillin-Resistant Staphylococcus aureus Bloodstream Infection (MRSA BSI),930000128,Saint Francis Medical Center,Los Angeles,3,4.96,100729,0.61,0.15,1.65,No Different,
2014,California,Methicillin-Resistant Staphylococcus aureus Bloodstream Infection (MRSA BSI),220000029,Saint Francis Memorial Hospital,San Francisco,3,2.46,29104,1.22,0.31,3.32,No Different,
2014,California,Methicillin-Resistant Staphylococcus aureus Bloodstream Infection (MRSA BSI),070000635,Saint Louise Regional Hospital,Santa Clara,0,0.8,20782,,,,,
2014,California,Methicillin-Resistant Staphylococcus aureus Bloodstream Infection (MRSA BSI),930000104,Saint Vincent Medical Center,Los Angeles,2,2.22,39735,0.9,0.15,2.98,No Different,
2014,California,Methicillin-Resistant Staphylococcus aureus Bloodstream Infection (MRSA BSI),070000147,Salinas Valley Memorial Hospital,Monterey,0,1.69,45293,0,0,1.77,No Different,
2014,California,Methicillin-Resistant Staphylococcus aureus Bloodstream Infection (MRSA BSI),240000053,San Antonio Community Hospital,San Bernardino,1,3.55,57565,0.28,0.01,1.39,No Different,
2014,California,Methicillin-Resistant Staphylococcus aureus Bloodstream Infection (MRSA BSI),930000125,San Dimas Community Hospital,Los Angeles,0,0.87,16506,,,,,
2014,California,Methicillin-Resistant Staphylococcus aureus Bloodstream Infection (MRSA BSI),220000019,San Francisco General Hospital,San Francisco,6,16.87,89157,0.36,0.14,0.74,Lower,
2014,California,Methicillin-Resistant Staphylococcus aureus Bloodstream Infection (MRSA BSI),930000041,San Gabriel Valley Medical Center,Los Angeles,0,1.99,33795,0,0,1.51,No Different,
2014,California,Methicillin-Resistant Staphylococcus aureus Bloodstream Infection (MRSA BSI),250000101,San Gorgonio Memorial Hospital,Riverside,0,0.82,17506,,,,,
2014,California,Methicillin-Resistant Staphylococcus aureus Bloodstream Infection (MRSA BSI),120000411,San Joaquin Community Hospital,Kern,5,4.05,72912,1.23,0.45,2.73,No Different,
2014,California,Methicillin-Resistant Staphylococcus aureus Bloodstream Infection (MRSA BSI),030000135,San Joaquin General Hospital,San Joaquin,1,2.09,42393,0.48,0.02,2.36,No Different,
2014,California,Methicillin-Resistant Staphylococcus aureus Bloodstream Infection (MRSA BSI),630013913,San Leandro Hospital,Alameda,0,0.86,11148,,,,,
2014,California,Methicillin-Resistant Staphylococcus aureus Bloodstream Infection (MRSA BSI),220000007,San Mateo Medical Center,San Mateo,0,0.87,20621,,,,,
2014,California,Methicillin-Resistant Staphylococcus aureus Bloodstream Infection (MRSA BSI),140000704,San Ramon Regional Medical Center,Contra Costa,0,0.66,17423,,,,,"Hospitals reported combined data, see Data Dictionary"
2014,California,Methicillin-Resistant Staphylococcus aureus Bloodstream Infection (MRSA BSI),050000280,Santa Barbara Cottage Hospital,Santa Barbara,2,5.54,89388,0.36,0.06,1.19,No Different,"Hospitals reported combined data, see Data Dictionary"
2014,California,Methicillin-Resistant Staphylococcus aureus Bloodstream Infection (MRSA BSI),070000149,Santa Clara Valley Medical Center,Santa Clara,9,11.31,146916,0.8,0.39,1.46,No Different,
2014,California,Methicillin-Resistant Staphylococcus aureus Bloodstream Infection (MRSA BSI),930000049,Santa Monica - UCLA Medical Center and Orthopaedic Hospital,Los Angeles,5,5.39,77586,0.93,0.34,2.06,No Different,
2014,California,Methicillin-Resistant Staphylococcus aureus Bloodstream Infection (MRSA BSI),140001268,Santa Rosa Memorial Hospital,Sonoma,4,3.33,62322,1.2,0.38,2.89,No Different,
2014,California,Methicillin-Resistant Staphylococcus aureus Bloodstream Infection (MRSA BSI),050000030,Santa Ynez Valley Cottage Hospital,Santa Barbara,0,0.02,671,,,,,
2014,California,Methicillin-Resistant Staphylococcus aureus Bloodstream Infection (MRSA BSI),080000022,Scripps Green Hospital,San Diego,2,1.48,37246,1.35,0.23,4.46,No Different,
2014,California,Methicillin-Resistant Staphylococcus aureus Bloodstream Infection (MRSA BSI),080000150,Scripps Memorial Hospital - Encinitas,San Diego,2,1.79,43721,1.12,0.19,3.7,No Different,
2014,California,Methicillin-Resistant Staphylococcus aureus Bloodstream Infection (MRSA BSI),080000149,Scripps Memorial Hospital - La Jolla,San Diego,2,3.19,75432,0.63,0.11,2.07,No Different,
2014,California,Methicillin-Resistant Staphylococcus aureus Bloodstream Infection (MRSA BSI),090000025,Scripps Mercy Hospital,San Diego,6,10.79,97918,0.56,0.23,1.16,No Different,
2014,California,Methicillin-Resistant Staphylococcus aureus Bloodstream Infection (MRSA BSI),090000016,Scripps Mercy Hospital Chula Vista,San Diego,1,1.98,43306,0.51,0.03,2.49,No Different,
2014,California,Methicillin-Resistant Staphylococcus aureus Bloodstream Infection (MRSA BSI),230000017,Seneca Healthcare District,Plumas,0,0.02,634,,,,,
2014,California,Methicillin-Resistant Staphylococcus aureus Bloodstream Infection (MRSA BSI),220000025,Sequoia Hospital,San Mateo,0,0.86,22047,,,,,
2014,California,Methicillin-Resistant Staphylococcus aureus Bloodstream Infection (MRSA BSI),220000026,Seton Medical Center,San Mateo,2,1.9,37000,1.05,0.18,3.47,No Different,"Hospitals reported combined data, see Data Dictionary"
2014,California,Methicillin-Resistant Staphylococcus aureus Bloodstream Infection (MRSA BSI),090000021,Sharp Chula Vista Medical Center,San Diego,2,3.08,70246,0.65,0.11,2.15,No Different,
2014,California,Methicillin-Resistant Staphylococcus aureus Bloodstream Infection (MRSA BSI),090000033,Sharp Coronado Hospital and Healthcare Center,San Diego,0,0.25,6136,,,,,
2014,California,Methicillin-Resistant Staphylococcus aureus Bloodstream Infection (MRSA BSI),080001470,Sharp Mary Birch Hospital For Women And Newborns,San Diego,1,2.83,78144,0.35,0.02,1.74,No Different,
2014,California,Methicillin-Resistant Staphylococcus aureus Bloodstream Infection (MRSA BSI),080000036,Sharp Memorial Hospital,San Diego,2,7.68,98229,0.26,0.04,0.86,Lower,
2014,California,Methicillin-Resistant Staphylococcus aureus Bloodstream Infection (MRSA BSI),230000016,Shasta Regional Medical Center,Shasta,3,2.91,30678,1.03,0.26,2.8,No Different,
2014,California,Methicillin-Resistant Staphylococcus aureus Bloodstream Infection (MRSA BSI),930000140,Sherman Oaks Hospital,Los Angeles,2,2.35,30385,0.85,0.14,2.82,No Different,
2014,California,Methicillin-Resistant Staphylococcus aureus Bloodstream Infection (MRSA BSI),930000141,Shriners Hospitals for Children,Los Angeles,0,0.02,409,,,,,
2014,California,Methicillin-Resistant Staphylococcus aureus Bloodstream Infection (MRSA BSI),030001506,Shriners Hospitals for Children North CA,Sacramento,0,0.29,5756,,,,,
2014,California,Methicillin-Resistant Staphylococcus aureus Bloodstream Infection (MRSA BSI),230000262,Sierra Nevada Memorial Hospital,Nevada,0,1.07,18509,0,0,2.8,No Different,
2014,California,Methicillin-Resistant Staphylococcus aureus Bloodstream Infection (MRSA BSI),120001464,Sierra View Medical Center,Tulare,4,1.56,22805,2.56,0.81,6.18,No Different,
2014,California,Methicillin-Resistant Staphylococcus aureus Bloodstream Infection (MRSA BSI),050000031,Sierra Vista Regional Medical Center,San Luis Obispo,0,0.8,22326,,,,,
2014,California,Methicillin-Resistant Staphylococcus aureus Bloodstream Infection (MRSA BSI),930000035,Silver Lake Medical Center,Los Angeles,0,1.41,39274,0,0,2.13,No Different,
2014,California,Methicillin-Resistant Staphylococcus aureus Bloodstream Infection (MRSA BSI),050000455,Simi Valley Hospital & Health Care Services,Ventura,2,1.12,26861,1.78,0.3,5.89,No Different,
2014,California,Methicillin-Resistant Staphylococcus aureus Bloodstream Infection (MRSA BSI),150000050,Sonoma Developmental Center,Sonoma,0,0.06,1675,,,,,
2014,California,Methicillin-Resistant Staphylococcus aureus Bloodstream Infection (MRSA BSI),030001799,Sonora Regional Medical Center,Tuolumne,0,0.93,20784,,,,,"Hospitals reported combined data, see Data Dictionary"
2014,California,Methicillin-Resistant Staphylococcus aureus Bloodstream Infection (MRSA BSI),930000015,Southern California Hospital at Culiver City,Los Angeles,4,4.01,74771,1,0.32,2.4,No Different,
2014,California,Methicillin-Resistant Staphylococcus aureus Bloodstream Infection (MRSA BSI),930000064,Southern California Hospital at Hollywood,Los Angeles,3,0.9,17885,3.33,0.69,9.73,No Different,¥ See Data Dictionary
2014,California,Methicillin-Resistant Staphylococcus aureus Bloodstream Infection (MRSA BSI),240000102,Southern Inyo Hospital,Inyo,0,0,80,,,,,
2014,California,Methicillin-Resistant Staphylococcus aureus Bloodstream Infection (MRSA BSI),250000507,"Southwest Healthcare System, Murrieta",Riverside,0,1.08,30128,0,0,2.78,No Different,
2014,California,Methicillin-Resistant Staphylococcus aureus Bloodstream Infection (MRSA BSI),250000344,"Southwest Healthcare System, Wildomar",Riverside,2,1.16,30175,1.72,0.29,5.7,No Different,
2014,California,Methicillin-Resistant Staphylococcus aureus Bloodstream Infection (MRSA BSI),050000026,St Johns Pleasant Valley Hospital,Ventura,0,0.42,11680,,,,,
2014,California,Methicillin-Resistant Staphylococcus aureus Bloodstream Infection (MRSA BSI),050000035,St Johns Regional Medical Center,Ventura,1,3.29,52535,0.3,0.02,1.5,No Different,
2014,California,Methicillin-Resistant Staphylococcus aureus Bloodstream Infection (MRSA BSI),060000067,St Joseph Hospital,Orange,2,7.28,85000,0.28,0.05,0.91,Lower,
2014,California,Methicillin-Resistant Staphylococcus aureus Bloodstream Infection (MRSA BSI),140000041,St Rose Hospital,Alameda,2,1.84,29318,1.09,0.18,3.59,No Different,
2014,California,Methicillin-Resistant Staphylococcus aureus Bloodstream Infection (MRSA BSI),240000103,St. Bernardine Medical Center,San Bernardino,6,10.89,71275,0.55,0.22,1.15,No Different,
2014,California,Methicillin-Resistant Staphylococcus aureus Bloodstream Infection (MRSA BSI),230000020,St. Elizabeth Community Hospital,Tehama,0,0.41,9181,,,,,
2014,California,Methicillin-Resistant Staphylococcus aureus Bloodstream Infection (MRSA BSI),110000058,St. Helena Hospital,Napa,0,0.58,16320,,,,,
2014,California,Methicillin-Resistant Staphylococcus aureus Bloodstream Infection (MRSA BSI),110000044,St. Helena Hospital - Clearlake,Lake,0,0.17,4831,,,,,
2014,California,Methicillin-Resistant Staphylococcus aureus Bloodstream Infection (MRSA BSI),110000067,St. Joseph Hospital,Humboldt,1,2.97,29059,0.34,0.02,1.66,No Different,
2014,California,Methicillin-Resistant Staphylococcus aureus Bloodstream Infection (MRSA BSI),030000143,St. Joseph's Medical Center Of Stockton,San Joaquin,3,4.39,74835,0.68,0.17,1.86,No Different,
2014,California,Methicillin-Resistant Staphylococcus aureus Bloodstream Infection (MRSA BSI),060000068,St. Jude Medical Center,Orange,2,5.86,64571,0.34,0.06,1.13,No Different,
2014,California,Methicillin-Resistant Staphylococcus aureus Bloodstream Infection (MRSA BSI),240000104,"St. Mary Medical Center, Apple Valley",San Bernardino,5,3.56,67563,1.41,0.52,3.12,No Different,
2014,California,Methicillin-Resistant Staphylococcus aureus Bloodstream Infection (MRSA BSI),930000103,"St. Mary Medical Center, Long Beach",Los Angeles,2,2.33,54879,0.86,0.14,2.84,No Different,
2014,California,Methicillin-Resistant Staphylococcus aureus Bloodstream Infection (MRSA BSI),220000030,St. Mary's Medical Center,San Francisco,0,1.89,29726,0,0,1.59,No Different,
2014,California,Methicillin-Resistant Staphylococcus aureus Bloodstream Infection (MRSA BSI),070001357,Stanford Hospital,Santa Clara,9,13.34,146376,0.68,0.33,1.24,No Different,
2014,California,Methicillin-Resistant Staphylococcus aureus Bloodstream Infection (MRSA BSI),030001661,Stanislaus Surgical Hospital,Stanislaus,0,0.05,1363,,,,,
2014,California,Methicillin-Resistant Staphylococcus aureus Bloodstream Infection (MRSA BSI),230000021,Surprise Valley Community Hospital,Modoc,0,0,31,,,,,
2014,California,Methicillin-Resistant Staphylococcus aureus Bloodstream Infection (MRSA BSI),030000108,Sutter Amador Hospital,Amador,0,0.33,8431,,,,,
2014,California,Methicillin-Resistant Staphylococcus aureus Bloodstream Infection (MRSA BSI),030000109,Sutter Auburn Faith Hospital,Placer,1,0.81,11406,,,,,
2014,California,Methicillin-Resistant Staphylococcus aureus Bloodstream Infection (MRSA BSI),110000049,Sutter Coast Hospital,Del Norte,0,0.26,7268,,,,,
2014,California,Methicillin-Resistant Staphylococcus aureus Bloodstream Infection (MRSA BSI),030000149,Sutter Davis Hospital,Yolo,0,0.45,11471,,,,,
2014,California,Methicillin-Resistant Staphylococcus aureus Bloodstream Infection (MRSA BSI),140000016,Sutter Delta Medical Center,Contra Costa,1,1.33,29161,0.75,0.04,3.7,No Different,
2014,California,Methicillin-Resistant Staphylococcus aureus Bloodstream Infection (MRSA BSI),030000151,Sutter General Hospital,Sacramento,3,8.87,131197,0.34,0.09,0.92,Lower,"Hospitals reported combined data, see Data Dictionary"
2014,California,Methicillin-Resistant Staphylococcus aureus Bloodstream Infection (MRSA BSI),110000019,Sutter Lakeside Hospital,Lake,0,0.25,6966,,,,,
2014,California,Methicillin-Resistant Staphylococcus aureus Bloodstream Infection (MRSA BSI),070000959,Sutter Maternity & Surgery Center of Santa Cruz,Santa Cruz,0,0.23,6383,,,,,
2014,California,Methicillin-Resistant Staphylococcus aureus Bloodstream Infection (MRSA BSI),030000134,Sutter Roseville Medical Center,Placer,1,4,85890,0.25,0.01,1.23,No Different,
2014,California,Methicillin-Resistant Staphylococcus aureus Bloodstream Infection (MRSA BSI),110000007,Sutter Santa Rosa Regional Hospital,Sonoma,2,1.08,24925,1.86,0.31,6.14,No Different,
2014,California,Methicillin-Resistant Staphylococcus aureus Bloodstream Infection (MRSA BSI),110000068,Sutter Solano Medical Center,Solano,0,0.9,17523,,,,,
2014,California,Methicillin-Resistant Staphylococcus aureus Bloodstream Infection (MRSA BSI),630011844,Sutter Surgical Hospital - North Valley,Sutter,0,0.05,1488,,,,,
2014,California,Methicillin-Resistant Staphylococcus aureus Bloodstream Infection (MRSA BSI),030000141,Sutter Tracy Community Hospital,San Joaquin,0,0.61,12016,,,,,
2014,California,Methicillin-Resistant Staphylococcus aureus Bloodstream Infection (MRSA BSI),230000265,Tahoe Forest Hospital,Nevada,0,0.29,5346,,,,,
2014,California,Methicillin-Resistant Staphylococcus aureus Bloodstream Infection (MRSA BSI),120000413,Tehachapi Hospital,Kern,0,0.19,5323,,,,,
2014,California,Methicillin-Resistant Staphylococcus aureus Bloodstream Infection (MRSA BSI),630014442,Temecula Valley Hospital,Riverside,0,0.78,14191,,,,,
2014,California,Methicillin-Resistant Staphylococcus aureus Bloodstream Infection (MRSA BSI),050001468,Thousand Oaks Surgical Hospital,Ventura,0,0.09,2577,,,,,
2014,California,Methicillin-Resistant Staphylococcus aureus Bloodstream Infection (MRSA BSI),930000127,Torrance Memorial Medical Center,Los Angeles,4,4.95,84392,0.81,0.26,1.95,No Different,
2014,California,Methicillin-Resistant Staphylococcus aureus Bloodstream Infection (MRSA BSI),080000152,Tri-City Medical Center,San Diego,1,3.7,74520,0.27,0.01,1.33,No Different,
2014,California,Methicillin-Resistant Staphylococcus aureus Bloodstream Infection (MRSA BSI),230000022,Trinity Hospital,Trinity,0,0.06,1583,,,,,
2014,California,Methicillin-Resistant Staphylococcus aureus Bloodstream Infection (MRSA BSI),120001467,Tulare Regional Medical Center,Tulare,2,0.5,14038,,,,,
2014,California,Methicillin-Resistant Staphylococcus aureus Bloodstream Infection (MRSA BSI),050000037,Twin Cities Community Hospital,San Luis Obispo,1,1.03,18589,0.97,0.05,4.79,No Different,
2014,California,Methicillin-Resistant Staphylococcus aureus Bloodstream Infection (MRSA BSI),220000031,UCSF Medical Center,San Francisco,11,16.96,193067,0.65,0.34,1.13,No Different,"Hospitals reported combined data, see Data Dictionary"
2014,California,Methicillin-Resistant Staphylococcus aureus Bloodstream Infection (MRSA BSI),930000163,USC Kenneth Norris Jr. Cancer Hospital,Los Angeles,0,1.09,11652,0,0,2.74,No Different,
2014,California,Methicillin-Resistant Staphylococcus aureus Bloodstream Infection (MRSA BSI),930000187,USC Verdugo Hills Hospital,Los Angeles,1,2.19,28561,0.46,0.02,2.25,No Different,
2014,California,Methicillin-Resistant Staphylococcus aureus Bloodstream Infection (MRSA BSI),110000070,Ukiah Valley Medical Center,Mendocino,0,0.7,13655,,,,,
2014,California,Methicillin-Resistant Staphylococcus aureus Bloodstream Infection (MRSA BSI),030000113,University of California Davis Medical Center,Sacramento,32,15.71,174068,2.04,1.42,2.84,Higher,
2014,California,Methicillin-Resistant Staphylococcus aureus Bloodstream Infection (MRSA BSI),060000071,University of California Irvine Medical Center,Orange,6,11.39,114794,0.53,0.21,1.1,No Different,
2014,California,Methicillin-Resistant Staphylococcus aureus Bloodstream Infection (MRSA BSI),090000154,"University of California, San Diego Medical Center",San Diego,11,16.86,163312,0.65,0.34,1.13,No Different,"Hospitals reported combined data, see Data Dictionary"
2014,California,Methicillin-Resistant Staphylococcus aureus Bloodstream Infection (MRSA BSI),930000129,Valley Presbyterian Hospital,Los Angeles,2,3.37,66759,0.59,0.1,1.96,No Different,
2014,California,Methicillin-Resistant Staphylococcus aureus Bloodstream Infection (MRSA BSI),140000797,Valleycare Medical Center,Alameda,1,1.49,34129,0.67,0.03,3.31,No Different,"Hospitals reported combined data, see Data Dictionary"
2014,California,Methicillin-Resistant Staphylococcus aureus Bloodstream Infection (MRSA BSI),050000039,Ventura County Medical Center,Ventura,0,2.15,48755,0,0,1.39,No Different,
2014,California,Methicillin-Resistant Staphylococcus aureus Bloodstream Infection (MRSA BSI),630010957,Ventura County Medical Center - Santa Paula Hospital,Ventura,0,0.26,6151,,,,,
2014,California,Methicillin-Resistant Staphylococcus aureus Bloodstream Infection (MRSA BSI),240000054,Victor Valley Global Medical Center,San Bernardino,1,1.08,24019,0.93,0.05,4.59,No Different,
2014,California,Methicillin-Resistant Staphylococcus aureus Bloodstream Infection (MRSA BSI),140000118,Washington Hospital,Alameda,3,2.46,54583,1.22,0.31,3.32,No Different,
2014,California,Methicillin-Resistant Staphylococcus aureus Bloodstream Infection (MRSA BSI),070000155,Watsonville Community Hospital,Santa Cruz,0,0.69,17230,,,,,
2014,California,Methicillin-Resistant Staphylococcus aureus Bloodstream Infection (MRSA BSI),060000016,West Anaheim Medical Center,Orange,1,1.26,14872,0.79,0.04,3.91,No Different,¶ See Data Dictionary
2014,California,Methicillin-Resistant Staphylococcus aureus Bloodstream Infection (MRSA BSI),930000028,West Hills Hospital & Medical Center,Los Angeles,1,2.75,43536,0.36,0.02,1.79,No Different,
2014,California,Methicillin-Resistant Staphylococcus aureus Bloodstream Infection (MRSA BSI),060000074,Western Medical Center  Anaheim,Orange,0,1.81,40014,0,0,1.66,No Different,
2014,California,Methicillin-Resistant Staphylococcus aureus Bloodstream Infection (MRSA BSI),060000073,Western Medical Center Santa Ana,Orange,3,1.53,33810,1.96,0.5,5.34,No Different,
2014,California,Methicillin-Resistant Staphylococcus aureus Bloodstream Infection (MRSA BSI),930000191,White Memorial Medical Center,Los Angeles,8,5.38,93571,1.49,0.69,2.83,No Different,
2014,California,Methicillin-Resistant Staphylococcus aureus Bloodstream Infection (MRSA BSI),930000151,Whittier Hospital Medical Center,Los Angeles,1,1.63,34343,0.61,0.03,3.02,No Different,
2014,California,Methicillin-Resistant Staphylococcus aureus Bloodstream Infection (MRSA BSI),030000146,Woodland Memorial Hospital,Yolo,0,0.88,22458,,,,,
